# Apple ModelIO OBJ File: Ground
mtllib Ground.mtl
g Ground
v 66.3959 4.82667 -72.9389
v 71.3814 3.12797 -72.1994
v 70.4254 1.52886 -76.8807
v 65.5838 2.48097 -77.555
v -86.3159 4.22602 -71.002
v -82.6303 8.27829 -72.2916
v -85.9853 4.02093 -77.2549
v -81.2632 6.41996 -78.8979
v -76.7844 11.8425 -74.1827
v -75.4223 7.9349 -80.6358
v -69.427 12.4624 -75.2291
v -69.032 7.99855 -81.3038
v -62.4657 11.1257 -74.6763
v -62.7287 7.34961 -80.549
v -57.0553 8.88333 -73.3454
v -57.2536 6.07179 -78.9604
v -52.8603 7.4988 -72.2622
v -52.7755 5.11091 -77.7532
v -48.9815 7.39155 -71.3991
v -48.8946 5.26073 -77.2777
v -44.6868 8.15875 -70.6621
v -44.7338 6.3555 -77.3431
v -39.4454 9.26778 -70.2905
v -39.6934 7.67694 -77.6533
v -34.0867 9.81297 -70.2337
v -34.5232 8.37481 -77.8708
v -29.5266 10.1182 -70.2307
v -29.8552 8.8434 -78.1828
v -25.031 10.616 -70.2271
v -24.8677 9.34974 -78.6068
v -19.4202 11.1127 -70.3109
v -18.9843 9.32332 -78.7428
v -13.3053 10.4176 -70.5432
v -13.0432 7.81404 -78.2429
v -7.96646 9.08873 -70.8316
v -8.23945 6.01603 -77.7161
v -3.44395 8.28388 -71.1249
v -3.93347 5.17767 -77.6566
v 0.952874 8.24353 -71.3548
v 0.589729 5.38696 -77.9936
v 5.3836 8.7541 -71.3543
v 5.2078 6.17538 -78.3259
v 10.1331 9.35438 -71.1143
v 10.0663 7.07829 -78.4457
v 15.1104 9.40244 -70.8598
v 15.1418 7.509 -78.3553
v 20.1848 9.11551 -70.8443
v 20.4207 7.36191 -78.2919
v 25.1206 9.09831 -71.2178
v 25.5137 7.00967 -78.4837
v 30.3353 9.50524 -71.9439
v 30.6433 6.62843 -78.851
v 36.2139 9.53095 -72.6772
v 36.0538 6.11291 -79.1082
v 41.8513 8.40697 -73.0159
v 41.2215 5.12921 -78.9455
v 46.3996 7.10056 -73.1064
v 45.7788 4.13846 -78.548
v 50.6502 6.29046 -73.159
v 50.2817 3.7261 -78.3559
v 55.4577 5.94423 -73.202
v 55.3566 3.59104 -78.2934
v 60.937 5.87541 -73.3234
v 60.5482 3.19605 -78.0407
v -84.0319 4.605 78.627
v -77.3467 5.00422 78.95
v -77.0753 7.28695 73.1077
v -84.6674 6.59632 73.1374
v -77.4115 7.81301 67.7768
v -85.1334 7.2175 68.3239
v -78.1858 8.22152 63.6751
v -85.7079 7.39963 64.0264
v -79.0568 8.97536 59.23
v -86.6245 7.85233 58.8552
v -79.9618 9.81618 53.7604
v -87.281 7.67636 53.1544
v -87.4691 6.88573 47.9662
v -80.6665 9.90141 48.3247
v -81.0967 10.1326 43.0936
v -87.7167 6.71878 42.9186
v -81.4475 10.495 38.1397
v -88.1049 6.91874 37.9898
v -88.5047 7.00618 33.0795
v -81.8697 10.8804 33.4917
v -88.5431 6.6442 27.656
v -82.2157 11.0448 28.3478
v -82.0371 10.656 23.0502
v -87.8253 5.73722 22.3426
v -86.8396 5.05389 17.6258
v -81.2695 10.1651 18.2024
v -80.2883 10.0953 13.6406
v -86.0535 4.96817 13.1303
v -79.5305 10.3778 8.87715
v -85.6335 5.31631 8.34551
v -79.1561 10.6057 3.49256
v -85.4103 5.57117 3.16544
v -84.9844 5.1852 -1.90097
v -78.8988 9.76695 -1.89414
v -84.5877 4.57202 -6.72999
v -78.7173 8.36266 -6.77202
v -78.8145 7.32689 -11.3067
v -84.449 4.10405 -11.5024
v -79.2908 7.10034 -15.8763
v -84.6168 3.9394 -16.3463
v -85.0567 4.12547 -21.1456
v -79.892 7.42852 -20.7758
v -80.4511 7.97533 -25.8105
v -85.6268 4.42417 -26.0333
v -86.2296 4.6922 -31.0464
v -80.9818 8.51398 -30.7505
v -86.7299 4.79748 -36.0937
v -81.5894 8.97237 -35.5462
v -82.2496 9.11944 -40.419
v -87.0071 4.61033 -41.0998
v -86.8799 3.99971 -46.0846
v -82.7394 8.57856 -45.5752
v -82.914 7.47088 -50.6089
v -86.4405 3.11982 -51.0985
v -83.0672 6.67089 -55.2058
v -85.8908 2.30832 -55.927
v -85.4909 1.95024 -60.6806
v -83.0414 6.19077 -60.2391
v -83.1142 7.4631 -65.6947
v -85.8811 3.04631 -65.4332
v -71.9432 2.82849 78.1328
v -71.5732 4.33977 72.7949
v -72.2332 5.23667 67.7093
v -73.0146 5.8335 63.2111
v -73.4105 6.67901 58.7131
v -73.4574 7.50898 53.5262
v -73.3784 8.00767 48.2746
v -73.3196 8.35425 43.0814
v -73.3641 8.88987 38.073
v -73.5101 9.37529 33.3997
v -73.6342 9.80008 28.7562
v -73.4568 9.98275 23.869
v -72.825 9.97656 18.8905
v -71.9545 9.90343 14.0538
v -71.146 10.286 9.1418
v -70.7226 10.6303 3.82007
v -70.8566 10.2076 -1.56807
v -71.3642 9.31669 -6.61754
v -72.1075 8.68479 -11.0951
v -72.927 8.66405 -15.5168
v -73.664 9.09188 -20.5928
v -74.1662 9.66888 -25.9422
v -74.4989 10.1357 -30.7782
v -74.7755 10.6106 -35.3695
v -74.9982 10.9529 -40.0553
v -75.2628 10.8512 -45.1385
v -75.8595 10.7626 -49.853
v -76.9691 11.2604 -54.1048
v -77.7605 11.2508 -59.5714
v -77.7457 12.1755 -66.4659
v -67.9325 0.944717 77.4802
v -67.9192 2.2274 72.8913
v -68.3662 3.90756 68.2122
v -68.7873 5.08784 63.1587
v -68.3819 5.70818 57.8186
v -67.5614 5.80353 52.5564
v -67.0622 5.75135 47.6666
v -66.8738 5.79512 42.7527
v -66.8009 5.84745 37.862
v -66.7626 5.99377 33.1624
v -66.68 6.27079 28.4785
v -66.3677 6.49284 23.6531
v -65.8564 6.63454 18.7224
v -65.2418 6.70653 13.7188
v -64.7071 6.79641 8.78099
v -64.5149 6.99941 3.7964
v -64.7539 7.26359 -1.2651
v -65.3317 7.56684 -6.23484
v -66.1061 8.00487 -10.8968
v -66.8669 8.69759 -15.3971
v -67.5264 9.41903 -20.5264
v -68.0846 9.60455 -26.1589
v -68.4641 9.45647 -30.957
v -68.6601 9.39375 -35.4488
v -68.6731 9.50689 -40.2043
v -68.5539 9.25042 -45.377
v -68.6133 9.50468 -49.783
v -69.003 10.8382 -53.8186
v -69.6555 12.0332 -59.3894
v -69.8173 13.2026 -67.1073
v -63.4425 0.588954 77.4069
v -63.6199 2.12686 73.1913
v -63.7894 4.43078 68.5439
v -63.5675 6.11439 62.7876
v -62.7177 5.70226 56.7111
v -62.1305 4.16466 51.7686
v -62.0589 3.06763 47.3055
v -62.0665 2.82639 42.5569
v -61.9466 2.84741 37.5951
v -61.8195 2.91452 32.8006
v -61.6496 3.21947 28.0424
v -61.5149 3.5342 23.1918
v -61.3527 3.57906 18.2068
v -61.1266 3.33965 13.1898
v -60.8434 3.109 8.39879
v -60.6641 3.45895 3.74464
v -60.6504 4.25405 -1.04703
v -60.7709 5.15865 -5.94854
v -60.9422 6.14192 -10.7123
v -61.1425 7.40418 -15.3141
v -61.4118 8.80165 -20.4415
v -62.0142 9.41469 -26.0621
v -62.7122 9.06423 -31.065
v -63.1913 8.44289 -35.5864
v -63.3737 7.96858 -40.2612
v -63.427 7.77417 -45.3913
v -63.5205 8.13481 -49.8356
v -63.4543 9.11593 -54.163
v -63.2425 9.70162 -59.8106
v -62.8539 11.2324 -67.1268
v -58.5224 0.655205 77.4747
v -58.6301 2.45505 73.3577
v -58.5425 4.94029 68.4639
v -58.1386 6.11761 62.0862
v -57.7284 4.49298 56.0267
v -57.673 2.27084 51.5485
v -57.8747 1.04201 47.3213
v -57.8246 1.01483 42.4387
v -57.7488 0.969914 37.4286
v -57.7812 0.911996 32.5712
v -57.8077 1.16042 27.8071
v -57.8562 1.41504 22.9306
v -57.8553 1.44994 17.8613
v -57.8047 1.17023 12.8143
v -57.6496 0.920941 8.08235
v -57.4437 1.30572 3.60384
v -57.1821 2.19264 -1.07918
v -56.8857 3.1173 -6.04113
v -56.5065 4.15147 -10.8486
v -56.0374 5.54778 -15.4183
v -55.8295 7.19552 -20.1999
v -56.1267 8.50723 -25.6476
v -56.7514 8.69972 -30.9947
v -57.3377 8.30616 -35.6884
v -57.8946 7.84715 -39.9757
v -58.4525 7.45407 -44.603
v -58.8807 7.97587 -49.2824
v -58.8026 8.53996 -54.3665
v -58.2148 8.30833 -60.2657
v -57.5543 9.08319 -66.7536
v -53.5502 0.602542 77.4015
v -53.4701 2.48466 73.2871
v -53.301 4.8193 68.1694
v -53.1344 5.53397 61.6742
v -53.146 3.49355 55.8528
v -53.2528 1.18971 51.6599
v -53.3104 0.322772 47.3974
v -53.2433 0.373737 42.4
v -53.3229 0.466337 37.5037
v -53.5 0.512568 32.6194
v -53.5777 0.691053 27.7597
v -53.5827 0.787959 22.863
v -53.5353 0.812251 17.7596
v -53.554 0.558343 12.6935
v -53.5557 0.311846 7.9609
v -53.3749 0.598318 3.4713
v -53.0398 1.34664 -1.26433
v -52.7086 2.10419 -6.29054
v -52.3092 2.88573 -11.1151
v -51.7966 4.0636 -15.5785
v -51.2983 5.52821 -20.1214
v -51.0548 6.94807 -25.314
v -51.3298 7.54406 -30.8067
v -51.8929 7.38273 -35.6466
v -52.4749 7.36006 -39.5857
v -53.0521 7.54884 -43.7377
v -53.404 8.13491 -48.4004
v -53.4795 8.83739 -54.2334
v -53.1704 8.19883 -60.5385
v -52.988 7.85946 -66.2419
v -48.6994 0.494611 77.2784
v -48.5933 2.29989 73.1
v -48.4503 4.55133 67.9486
v -48.3961 5.2123 61.527
v -48.5477 3.26863 55.8092
v -48.6898 0.922474 51.6466
v -48.6148 0.095328 47.3402
v -48.6207 0.180438 42.5041
v -48.7581 0.429952 37.6539
v -48.7917 0.551159 32.6609
v -48.6992 0.737861 27.781
v -48.5647 0.898326 22.8147
v -48.5278 0.882205 17.7511
v -48.606 0.700237 12.744
v -48.689 0.577432 8.02667
v -48.6306 0.880269 3.43908
v -48.4526 1.45591 -1.38707
v -48.2969 1.94155 -6.42759
v -48.1281 2.4665 -11.1797
v -47.8587 3.23481 -15.6729
v -47.2613 4.27746 -20.3281
v -46.5626 5.37567 -25.4532
v -46.3784 5.95853 -30.7582
v -46.7491 6.07061 -35.5277
v -47.1947 6.37972 -39.4475
v -47.564 7.10272 -43.5946
v -47.8356 8.0446 -48.3849
v -47.8988 8.45057 -54.408
v -48.0718 7.94919 -60.5598
v -48.4923 7.61635 -65.6226
v -43.8343 0.607615 77.3695
v -43.718 2.31642 73.069
v -43.5173 4.62386 67.9472
v -43.5327 5.26088 61.5583
v -43.7359 3.46494 55.7732
v -43.8328 1.25867 51.4153
v -43.7813 0.161403 47.2024
v -43.7646 0.156254 42.5516
v -43.7717 0.409541 37.6528
v -43.8167 0.491407 32.6634
v -43.7739 0.608576 27.744
v -43.6756 0.783056 22.8122
v -43.6702 0.872317 17.816
v -43.775 0.830351 12.8681
v -43.8543 0.839057 8.07571
v -43.7431 1.20889 3.34786
v -43.589 1.68929 -1.51706
v -43.5129 2.0671 -6.53398
v -43.4428 2.52909 -11.2681
v -43.2243 3.21591 -15.8102
v -42.8469 3.89557 -20.7281
v -42.2142 4.30681 -25.9202
v -41.882 4.71855 -30.7216
v -42.0626 5.00972 -35.3397
v -42.3072 5.4615 -39.5191
v -42.3504 6.50846 -43.8223
v -42.5822 7.63112 -48.7844
v -42.8821 7.69053 -54.781
v -43.3331 7.26542 -60.3555
v -43.9597 7.82469 -65.0116
v -38.8698 0.642488 77.4241
v -38.5999 2.24469 73.0753
v -38.2511 4.58971 68.0707
v -38.1898 5.43615 61.7382
v -38.4491 3.7711 55.7794
v -38.7124 1.57208 51.2354
v -38.8157 0.272632 47.0948
v -38.8197 0.087368 42.493
v -38.8245 0.286796 37.6011
v -38.8639 0.415325 32.6617
v -38.8929 0.514757 27.7205
v -38.8983 0.638114 22.7962
v -38.9173 0.79195 17.8741
v -38.9863 0.956121 12.9653
v -38.9971 1.11025 8.05417
v -38.92 1.39729 3.21086
v -38.7961 1.76962 -1.65868
v -38.7392 2.08952 -6.60558
v -38.6958 2.47172 -11.382
v -38.5195 3.07464 -16.0276
v -38.1984 3.7927 -20.9366
v -38.134 3.94148 -26.1043
v -38.036 4.21441 -30.6535
v -37.974 4.74843 -35.0148
v -37.9563 5.29449 -39.567
v -37.7946 6.19362 -44.1318
v -37.8809 7.13915 -49.0529
v -38.2712 7.18244 -54.9298
v -38.6125 6.77869 -60.1552
v -39.0173 8.13165 -64.6044
v -33.8374 0.512082 77.3442
v -33.5505 1.85604 72.9614
v -33.1487 4.06199 68.1346
v -33.0338 5.05683 61.9937
v -33.2777 3.6707 55.972
v -33.6271 1.61998 51.2557
v -33.8685 0.281289 47.0991
v -33.9257 0.002695 42.4416
v -33.9141 0.178043 37.5618
v -33.9344 0.337463 32.649
v -33.9562 0.482152 27.7264
v -33.9779 0.63868 22.8066
v -34.0032 0.832278 17.8931
v -34.0352 1.0789 12.9822
v -34.0516 1.3153 8.06005
v -34.0485 1.56581 3.14226
v -34.0087 1.84277 -1.75678
v -33.9469 2.11259 -6.64292
v -33.8806 2.41518 -11.4742
v -33.6952 2.92429 -16.2059
v -33.548 3.51361 -20.9779
v -33.6839 3.96862 -25.6873
v -33.906 4.33328 -30.3958
v -33.7559 4.98317 -34.8057
v -33.4535 5.66635 -39.5846
v -33.1959 6.27719 -44.3775
v -33.1993 6.91416 -49.1137
v -33.5483 7.08408 -54.6956
v -33.7523 6.70919 -60.0815
v -33.8228 8.13471 -64.4435
v -28.8529 0.314306 77.188
v -28.7226 1.46025 72.826
v -28.4898 3.4518 68.1135
v -28.3377 4.44476 62.1701
v -28.4617 3.33128 56.1946
v -28.72 1.496 51.3794
v -28.9558 0.222693 47.1653
v -29.0033 0 42.4424
v -28.9989 0.108404 37.5431
v -29.0089 0.266998 32.6361
v -29.0224 0.427417 27.7216
v -29.0365 0.604237 22.8071
v -29.0513 0.815421 17.8952
v -29.0668 1.07194 12.9844
v -29.073 1.33221 8.06183
v -29.058 1.59444 3.13705
v -29.0162 1.88125 -1.77758
v -28.9359 2.16481 -6.66884
v -28.8109 2.38766 -11.5136
v -28.6547 2.65031 -16.2788
v -28.5602 3.04295 -20.9223
v -28.6425 3.70486 -25.2892
v -28.836 4.55114 -29.8987
v -28.7452 5.41334 -34.7383
v -28.3179 6.12712 -39.7013
v -28.1299 6.43848 -44.5718
v -28.3563 6.75997 -49.0391
v -28.8049 6.94562 -54.1655
v -29.1461 6.83397 -59.8057
v -29.2761 8.06015 -64.2973
v -24.048 0.252899 77.1208
v -24.0858 1.52696 72.8626
v -24.0121 3.41966 68.0947
v -23.822 4.23915 62.1459
v -23.6876 3.09029 56.2605
v -23.8538 1.31393 51.4973
v -24.0524 0.139171 47.243
v -24.0802 0 42.4424
v -24.0788 0.054081 37.5305
v -24.0833 0.199337 32.6238
v -24.09 0.356 27.7121
v -24.0961 0.530896 22.7995
v -24.1005 0.735722 17.8879
v -24.1017 0.979819 12.9765
v -24.0967 1.24077 8.05663
v -24.0716 1.47541 3.12832
v -24.0152 1.71246 -1.79272
v -23.9084 1.92832 -6.69736
v -23.7314 2.04044 -11.5583
v -23.5399 2.02814 -16.3279
v -23.3656 2.15924 -20.9764
v -23.1781 2.88724 -25.247
v -23.0115 4.10929 -29.6291
v -23.0365 5.26872 -34.756
v -22.9603 5.94361 -39.8964
v -22.9967 6.12378 -44.7575
v -23.3605 6.4667 -48.8424
v -24.0908 6.80997 -53.3939
v -24.6916 7.44066 -58.8303
v -25.0012 8.58918 -63.9085
v -19.2465 0.413286 77.2358
v -19.3418 1.8719 72.9988
v -19.2442 3.74382 68.0535
v -18.9751 4.34834 61.966
v -18.8429 2.9266 56.2187
v -18.9898 1.07849 51.6201
v -19.1468 0.060428 47.3118
v -19.157 0 42.4424
v -19.1567 0.015646 37.5222
v -19.1579 0.136935 32.6133
v -19.1595 0.27737 27.7016
v -19.1595 0.43439 22.7887
v -19.1558 0.614892 17.8757
v -19.1463 0.829013 12.9625
v -19.1316 1.07495 8.04519
v -19.1055 1.26524 3.11522
v -19.0544 1.4271 -1.80938
v -18.9675 1.52074 -6.72193
v -18.8461 1.45489 -11.6042
v -18.7257 1.27973 -16.4256
v -18.5646 1.17612 -21.1725
v -18.2798 1.59962 -25.6286
v -17.8943 2.84281 -29.8381
v -17.8054 4.28592 -34.7132
v -17.9932 5.16526 -40.06
v -18.1385 5.42226 -44.9382
v -18.4205 5.90039 -48.75
v -19.008 6.82743 -52.5714
v -19.7251 8.34761 -57.3802
v -20.0587 9.70919 -63.2954
v -14.2399 0.626441 77.398
v -14.2055 2.18454 73.0793
v -13.9682 3.8495 67.8952
v -13.7372 4.01174 61.8114
v -13.8452 2.49767 56.2831
v -14.1062 0.819223 51.7531
v -14.2316 0.012428 47.3541
v -14.2338 0 42.4424
v -14.2338 0.001183 37.5195
v -14.2332 0.085935 32.6059
v -14.2318 0.201049 27.6923
v -14.2279 0.330579 22.7778
v -14.2193 0.475053 17.8624
v -14.2035 0.641692 12.9461
v -14.1793 0.846926 8.02825
v -14.1594 0.998608 3.09934
v -14.1291 1.09064 -1.82422
v -14.0885 1.10059 -6.73734
v -14.0516 0.975416 -11.6353
v -14.0266 0.747532 -16.5203
v -13.9968 0.462534 -21.3956
v -13.8902 0.512233 -26.1232
v -13.5078 1.5752 -30.2497
v -13.2449 3.16385 -34.7628
v -13.4115 4.37769 -40.152
v -13.536 4.76267 -45.1826
v -13.5591 5.31735 -48.9349
v -13.7617 6.57045 -52.2775
v -14.0669 8.75182 -56.3479
v -14.1553 10.4791 -62.9364
v -9.23296 0.717103 77.4199
v -9.00658 2.07097 72.9035
v -8.66774 3.27399 67.5903
v -8.57821 3.11252 61.7484
v -8.90935 1.79439 56.5281
v -9.23764 0.534838 51.9421
v -9.31112 0.000514 47.3653
v -9.31068 0 42.4424
v -9.31068 0 37.5193
v -9.30958 0.047285 32.6011
v -9.3067 0.133938 27.685
v -9.30114 0.230512 22.7682
v -9.29107 0.332435 17.8503
v -9.27364 0.441113 12.9309
v -9.24666 0.564775 8.00931
v -9.23706 0.671887 3.08605
v -9.23802 0.739757 -1.82501
v -9.24609 0.758862 -6.7284
v -9.27476 0.688391 -11.6361
v -9.33082 0.508917 -16.57
v -9.37716 0.241381 -21.5361
v -9.32988 0.12191 -26.4213
v -9.00551 0.904937 -30.5941
v -8.68422 2.46788 -34.8636
v -8.68021 3.98015 -40.0958
v -8.78145 4.42718 -45.5329
v -8.69212 4.82352 -49.4254
v -8.59015 5.9801 -52.7263
v -8.31474 8.17141 -56.5206
v -8.10036 10.0463 -63.1351
v -4.27275 0.590978 77.2793
v -3.98863 1.52264 72.5516
v -3.70956 2.19886 67.2736
v -3.78175 2.0474 61.8812
v -4.20473 1.29676 56.8409
v -4.4753 0.518418 52.0728
v -4.44767 0.131867 47.2788
v -4.38752 0 42.4424
v -4.38752 0 37.5193
v -4.38677 0.01911 32.598
v -4.38383 0.077005 27.6795
v -4.37884 0.139919 22.7606
v -4.37077 0.199005 17.8404
v -4.35786 0.247342 12.9184
v -4.34287 0.299628 7.99571
v -4.34925 0.416703 3.087
v -4.36735 0.54019 -1.80965
v -4.39885 0.628697 -6.70321
v -4.46608 0.670726 -11.6037
v -4.59972 0.663483 -16.5455
v -4.72238 0.608749 -21.596
v -4.61798 0.417141 -26.6104
v -4.28844 0.759569 -30.9061
v -3.88915 2.03077 -35.0233
v -3.70383 3.49592 -40.0635
v -3.80666 3.95257 -45.8255
v -3.77147 4.13699 -50.051
v -3.61575 5.08031 -53.5454
v -3.23349 6.99194 -57.437
v -3.00981 8.88534 -63.6892
v 0.606215 0.510696 77.188
v 0.716599 1.10768 72.2809
v 0.859464 1.40362 67.0583
v 0.818469 1.33781 61.9978
v 0.619127 1.00764 57.0832
v 0.497093 0.610768 52.1169
v 0.516627 0.267526 47.1888
v 0.53479 0.011477 42.43
v 0.535638 0 37.5193
v 0.535798 0.00305 32.5964
v 0.5377 0.033473 27.6757
v 0.540767 0.067639 22.7549
v 0.544683 0.092984 17.8331
v 0.548311 0.096769 12.9096
v 0.548506 0.147355 7.99233
v 0.529107 0.327267 3.09476
v 0.509825 0.501111 -1.8011
v 0.484052 0.652324 -6.69454
v 0.429914 0.811851 -11.5891
v 0.301326 1.04034 -16.5168
v 0.10704 1.2859 -21.6433
v 0.224528 0.942974 -26.8006
v 0.499837 0.813554 -31.2887
v 0.955409 1.54997 -35.3825
v 1.27843 2.71701 -40.2368
v 1.22053 3.25731 -45.8817
v 1.07047 3.36681 -50.4777
v 1.06515 4.1287 -54.2189
v 1.27859 5.84889 -58.2197
v 1.37132 8.03973 -64.1023
v 5.51035 0.546772 77.1901
v 5.56717 1.00264 72.1944
v 5.57392 1.13241 66.9915
v 5.48723 1.18881 62.0405
v 5.44147 1.01949 57.1083
v 5.50703 0.682031 52.0557
v 5.51863 0.216803 47.2187
v 5.45975 0.002907 42.4393
v 5.4588 0 37.5193
v 5.4588 5e-06 32.5961
v 5.45927 0.006791 27.6735
v 5.46054 0.020765 22.7514
v 5.46168 0.028667 17.8287
v 5.461 0.023651 12.9055
v 5.43581 0.164515 8.00426
v 5.41771 0.370059 3.1027
v 5.40821 0.556827 -1.80379
v 5.40515 0.727457 -6.70849
v 5.4067 0.929157 -11.6081
v 5.39786 1.25925 -16.5317
v 5.3212 1.73741 -21.6658
v 5.27231 1.38623 -26.8704
v 5.31737 0.9542 -31.5747
v 5.62038 1.22075 -35.7934
v 5.91446 2.1224 -40.4683
v 5.94331 2.68035 -45.8049
v 5.71546 2.95657 -50.5034
v 5.53787 3.61994 -54.5174
v 5.62925 5.20602 -58.6065
v 5.68796 7.68974 -64.2069
v 10.3944 0.518864 77.1528
v 10.4236 0.976286 72.1595
v 10.431 1.14911 67.0238
v 10.4065 1.11523 62.0337
v 10.4397 0.961786 57.0345
v 10.4541 0.539759 52.0527
v 10.4009 0.098611 47.2842
v 10.382 0 42.4424
v 10.382 0 37.5193
v 10.3819 4.2e-05 32.5961
v 10.3811 0.002737 27.6733
v 10.3803 0.007862 22.7504
v 10.3808 0.00785 17.8277
v 10.3641 0.084212 12.9222
v 10.3407 0.275489 8.02126
v 10.3306 0.475463 3.10891
v 10.334 0.647451 -1.81348
v 10.3535 0.792679 -6.73461
v 10.4046 0.94886 -11.6463
v 10.5256 1.19684 -16.5564
v 10.5947 1.72346 -21.5591
v 10.3643 1.56896 -26.7098
v 10.1836 1.09604 -31.6016
v 10.2308 1.18302 -35.9862
v 10.3983 1.99273 -40.603
v 10.4335 2.58459 -45.7187
v 10.2912 2.99024 -50.3635
v 10.2166 3.60916 -54.66
v 10.3842 4.96531 -58.898
v 10.4213 7.5037 -64.077
v 15.2993 0.620265 77.1906
v 15.3018 1.06404 72.1524
v 15.3508 1.16333 66.9703
v 15.3931 1.09909 61.9883
v 15.3722 0.774015 57.0456
v 15.3477 0.358798 52.1132
v 15.3169 0.038474 47.3307
v 15.3051 0 42.4424
v 15.3051 9.8e-05 37.5193
v 15.2952 0.023546 32.6015
v 15.2765 0.08828 27.6843
v 15.2645 0.14349 22.7605
v 15.2575 0.18045 17.8369
v 15.2472 0.251594 12.9295
v 15.2368 0.43603 8.02301
v 15.2428 0.61121 3.0974
v 15.2621 0.7382 -1.83462
v 15.2956 0.824042 -6.76453
v 15.3573 0.883999 -11.6879
v 15.4589 0.986266 -16.5609
v 15.5241 1.40835 -21.3556
v 15.2296 1.5813 -26.3945
v 14.9142 1.4624 -31.3542
v 14.8537 1.6605 -35.9633
v 14.9947 2.4234 -40.5633
v 15.0673 3.04638 -45.5985
v 15.1211 3.32789 -50.4209
v 15.2576 3.7167 -55.0858
v 15.5158 4.74986 -59.4029
v 15.4486 7.12114 -64.0157
v 20.2349 0.619025 77.1805
v 20.2921 1.03273 72.134
v 20.2725 1.09737 66.9644
v 20.1426 1.1047 62.0488
v 19.9804 0.963323 57.1232
v 19.9815 0.592349 52.0803
v 20.1381 0.132993 47.2809
v 20.2283 0 42.4424
v 20.2213 0.015291 37.5257
v 20.1746 0.160915 32.6349
v 20.1494 0.309828 27.7181
v 20.1326 0.424787 22.7844
v 20.1161 0.508115 17.8453
v 20.1008 0.584564 12.9125
v 20.1016 0.678309 7.99099
v 20.1299 0.781335 3.07173
v 20.1646 0.845819 -1.85626
v 20.2023 0.864685 -6.78598
v 20.2382 0.842684 -11.7063
v 20.1968 0.9496 -16.4805
v 20.0993 1.28957 -21.1704
v 19.8743 1.77289 -26.0838
v 19.7296 1.98472 -31.1397
v 19.811 2.40549 -35.8859
v 19.9563 3.16021 -40.4921
v 20.1244 3.68392 -45.5422
v 20.324 3.66915 -50.7515
v 20.5911 3.44398 -55.7048
v 20.6246 4.30014 -59.8572
v 20.3403 6.70674 -64.1229
v 25.2173 0.507816 77.1243
v 25.2656 0.819799 72.1021
v 25.1715 1.06041 67.0775
v 24.9411 1.38089 62.2036
v 24.8371 1.43436 57.1395
v 24.8695 1.04845 52.0173
v 24.9291 0.484339 47.144
v 25.067 0.104848 42.3784
v 25.1054 0.112402 37.5797
v 25.0653 0.367539 32.6943
v 25.052 0.563385 27.7636
v 25.0388 0.715803 22.8151
v 25.0176 0.842661 17.8597
v 24.9862 0.947113 12.9035
v 24.9799 0.98849 7.96329
v 25.0145 0.996823 3.04375
v 25.057 0.983356 -1.8784
v 25.0953 0.935648 -6.80248
v 25.1119 0.885781 -11.6825
v 25.0358 1.04047 -16.4025
v 24.877 1.46401 -21.0848
v 24.8161 2.13877 -25.9946
v 24.8622 2.51633 -31.1252
v 24.9725 2.83254 -35.9324
v 25.1473 3.50687 -40.4968
v 25.2987 3.9287 -45.5614
v 25.4352 3.65669 -51.1081
v 25.5559 2.9236 -56.1569
v 25.3202 4.06247 -59.9257
v 24.9417 6.71619 -64.2479
v 30.1939 0.330239 77.0542
v 30.123 0.788509 72.2162
v 29.8662 1.34518 67.2711
v 29.7593 1.83785 62.2715
v 29.7612 1.94621 57.0937
v 29.8274 1.52037 51.9756
v 29.8557 0.797987 47.1482
v 29.8798 0.373405 42.2673
v 29.9735 0.310533 37.5701
v 29.9969 0.545271 32.752
v 29.987 0.776281 27.8069
v 29.9788 0.952985 22.8439
v 29.9656 1.09618 17.8754
v 29.9445 1.21471 12.9077
v 29.9217 1.27244 7.9516
v 29.9298 1.22662 3.02352
v 29.9605 1.13892 -1.9
v 29.9963 1.0216 -6.82385
v 30.0347 0.919142 -11.6836
v 30.0515 1.08593 -16.3694
v 30.0099 1.55538 -21.1442
v 30.138 2.16886 -26.1487
v 30.1646 2.56542 -31.1455
v 29.9987 2.86374 -35.9443
v 29.9606 3.37386 -40.5721
v 30.0911 3.63907 -45.6891
v 30.264 3.22632 -51.2612
v 30.0899 2.93205 -55.9703
v 29.6997 4.63365 -59.6776
v 29.6923 7.53328 -64.3928
v 34.9437 0.261859 77.0931
v 34.7439 1.1082 72.5731
v 34.389 2.22502 67.7013
v 34.2098 2.76044 62.3181
v 34.3996 2.59485 56.975
v 34.5714 2.00798 51.8408
v 34.7232 1.16614 47.1483
v 34.7123 0.742668 42.2305
v 34.7722 0.636299 37.4976
v 34.8454 0.787499 32.7755
v 34.8798 1.01463 27.8347
v 34.9315 1.16153 22.8646
v 34.9347 1.29667 17.8849
v 34.9305 1.40053 12.9099
v 34.9164 1.45801 7.95052
v 34.8955 1.41225 3.02254
v 34.8673 1.30449 -1.91677
v 34.8924 1.10294 -6.86835
v 34.9486 0.887366 -11.7212
v 34.9991 1.01136 -16.3464
v 35.0549 1.47198 -21.2761
v 35.1073 1.90229 -26.2978
v 35.0201 2.40531 -31.0421
v 34.6765 2.96853 -35.718
v 34.4401 3.435 -40.6238
v 34.5969 3.54157 -45.9699
v 34.8083 3.06329 -51.1771
v 34.5736 3.75223 -55.3529
v 34.506 5.69567 -59.3897
v 35.2433 8.53669 -64.8727
v 39.8293 0.370472 77.2127
v 39.6783 1.52533 72.8859
v 39.5193 3.19081 68.1087
v 39.4364 3.99763 62.5434
v 39.2991 3.52385 56.9456
v 39.299 2.83298 51.7842
v 39.4085 1.94263 46.9938
v 39.6429 1.08302 42.2203
v 39.608 0.997723 37.5495
v 39.571 1.33753 32.7722
v 39.6495 1.48425 27.8119
v 39.7905 1.49853 22.7962
v 39.9093 1.45903 17.8788
v 39.9317 1.50757 12.8996
v 39.9176 1.55066 7.97905
v 39.7905 1.6584 3.11824
v 39.6452 1.66004 -1.90131
v 39.6194 1.35406 -7.00443
v 39.6243 1.02842 -11.7581
v 39.691 1.08034 -16.4354
v 39.8088 1.3341 -21.3778
v 39.818 1.73426 -26.2945
v 39.6971 2.32639 -30.9134
v 39.4879 3.07979 -35.4812
v 39.3291 3.66341 -40.6441
v 39.3982 3.66651 -46.1195
v 39.3543 3.70926 -50.8384
v 39.415 4.74311 -54.9579
v 39.8832 6.44415 -59.5786
v 41.1337 8.43086 -65.6926
v 44.7745 0.573444 77.364
v 44.6718 1.94787 72.9895
v 44.8097 3.74274 68.1142
v 44.9063 4.37267 62.6348
v 44.6271 3.90486 57.28
v 44.3661 3.4713 52.0433
v 44.2197 2.96013 47.0357
v 44.2463 2.08188 42.1351
v 44.4239 1.56447 37.5142
v 44.5517 1.81369 32.7998
v 44.5975 1.99046 27.7716
v 44.7208 1.87385 22.6964
v 44.8496 1.60486 17.8167
v 44.9172 1.48549 12.8637
v 44.8965 1.54069 8.0816
v 44.8064 1.80166 3.30814
v 44.6785 2.03228 -1.7942
v 44.5042 1.86644 -7.00576
v 44.3412 1.48871 -11.7985
v 44.3488 1.34861 -16.5298
v 44.4205 1.38319 -21.4672
v 44.5341 1.66621 -26.2887
v 44.5589 2.10227 -30.8946
v 44.5836 2.88825 -35.536
v 44.668 3.55538 -40.7167
v 44.423 4.09287 -45.8383
v 44.1477 4.75266 -50.51
v 44.2898 5.87365 -54.9188
v 45.0514 6.87315 -60.2205
v 46.1004 7.83649 -66.4957
v 49.6509 0.931714 77.5814
v 49.4683 2.39491 72.9543
v 49.6723 3.76578 67.7175
v 49.8662 4.10918 62.5166
v 49.7566 4.09681 57.4843
v 49.5238 4.07089 52.3443
v 49.3003 3.91917 47.2937
v 49.1559 3.51831 42.2839
v 49.1165 3.01536 37.4765
v 49.2453 2.55794 32.6938
v 49.4894 2.46786 27.6932
v 49.5373 2.25884 22.6471
v 49.5805 1.83519 17.7693
v 49.6568 1.50895 12.8412
v 49.6845 1.48767 8.13935
v 49.6851 1.77655 3.35431
v 49.6945 1.99863 -1.72197
v 49.5996 1.93132 -6.82018
v 49.3332 1.78204 -11.6791
v 49.0964 1.70376 -16.5394
v 49.0891 1.6862 -21.5573
v 49.3104 1.83165 -26.4306
v 49.5572 2.14707 -31.0426
v 49.7261 2.63699 -35.8249
v 49.7381 3.40747 -40.6488
v 49.4799 4.52218 -45.3917
v 49.1884 5.64805 -50.1136
v 49.3657 6.66207 -55.152
v 50.0402 7.14527 -61.0071
v 50.6143 7.49428 -67.0791
v 54.5634 1.27277 77.7422
v 54.4537 2.98615 73.033
v 54.5962 3.80399 67.4041
v 54.8607 3.89645 62.3999
v 54.9566 4.12462 57.5845
v 54.8733 4.49036 52.6537
v 54.6693 4.7978 47.6181
v 54.4205 4.79319 42.5568
v 54.1673 4.59421 37.6159
v 53.9522 4.32902 32.6519
v 53.9841 3.87295 27.6437
v 54.0019 3.4649 22.693
v 53.9757 3.02239 17.7831
v 53.976 2.65458 12.8461
v 54.0144 2.63621 8.09928
v 54.1158 2.81628 3.25964
v 54.1358 2.86981 -1.73911
v 54.0094 2.75096 -6.66993
v 53.6609 2.84544 -11.4444
v 53.1638 3.25424 -16.3585
v 52.9653 3.53912 -21.6228
v 53.1654 3.53286 -26.6725
v 53.6076 3.45288 -31.3769
v 54.0124 3.49218 -36.0965
v 54.295 3.97474 -40.7063
v 54.4659 4.90963 -45.2505
v 54.6855 5.84837 -50.0754
v 55.1306 6.70631 -55.4838
v 55.4349 7.37527 -61.3726
v 55.4863 7.41996 -67.3156
v 59.7081 1.52601 77.8864
v 59.7542 3.28874 73.066
v 59.8137 3.76021 67.2593
v 60.0256 3.56801 62.2118
v 60.2381 3.6526 57.5689
v 60.4116 4.24883 52.9168
v 60.4639 5.13595 48.0048
v 60.2848 5.67144 42.9301
v 59.9162 5.91711 37.8607
v 59.4029 6.02825 32.8098
v 59.0594 5.76628 27.812
v 58.9657 5.39519 22.8469
v 58.8091 5.10588 17.858
v 58.6696 4.84687 12.8893
v 58.6968 4.68186 7.99151
v 58.7878 4.61208 3.07921
v 58.7871 4.49912 -1.88489
v 58.5352 4.49715 -6.63675
v 58.0922 4.83059 -11.2091
v 57.6836 5.67437 -16.0687
v 57.4655 6.36057 -21.5324
v 57.6105 6.13703 -26.9032
v 58.0904 5.42304 -31.8593
v 58.7244 4.81227 -36.6425
v 59.3568 4.50652 -41.1982
v 59.9644 4.72904 -45.6229
v 60.5369 5.22745 -50.4391
v 61.0517 6.36426 -55.3964
v 61.2209 7.57622 -60.9746
v 61.0568 7.56109 -67.2076
v 64.8074 1.26195 77.6883
v 65.1898 2.79074 72.8675
v 65.2524 3.27398 67.1159
v 65.197 2.76557 61.9453
v 65.3591 2.48379 57.3826
v 65.7634 2.86306 52.9412
v 66.3133 4.01468 48.2053
v 66.4661 5.13665 43.2163
v 66.2342 5.89353 38.1772
v 65.9199 6.62369 33.1507
v 65.4481 7.12773 28.1195
v 64.9579 6.97993 23.054
v 64.6227 6.90972 17.993
v 64.3645 6.93138 12.9577
v 64.2726 6.68467 7.95254
v 64.2665 6.25067 2.89924
v 64.2008 5.88958 -2.12193
v 64.1287 5.79647 -6.84967
v 64.1286 6.19567 -11.2917
v 64.1618 6.95384 -16.088
v 64.1758 7.61365 -21.4248
v 64.2732 7.33002 -26.9341
v 64.5268 6.33911 -32.144
v 64.8539 5.05125 -37.03
v 65.1819 3.92567 -41.6165
v 65.5887 3.49549 -46.0191
v 65.963 3.61371 -50.6654
v 66.4158 4.73418 -55.218
v 66.8757 6.17842 -60.4596
v 66.9271 6.48982 -66.861
v 69.6832 0.683409 77.3098
v 70.0718 1.62759 72.4651
v 70.2217 2.01403 67.0365
v 70.0647 1.53437 61.8409
v 70.0611 1.06185 57.1483
v 70.3194 1.03287 52.5597
v 70.7922 1.61934 47.7571
v 71.1998 2.38786 42.9361
v 71.4748 3.17604 38.0811
v 71.6216 3.97466 33.1777
v 71.6471 4.77829 28.2487
v 71.581 5.51236 23.243
v 71.4758 6.10529 18.1454
v 71.3539 6.49269 13.0482
v 71.2349 6.62989 8.02878
v 71.0771 6.35406 2.89093
v 70.8523 5.64232 -2.23602
v 70.658 4.87676 -7.0584
v 70.6223 4.61851 -11.6207
v 70.7436 4.92184 -16.3643
v 70.9071 5.33655 -21.4855
v 70.9151 5.14061 -26.7949
v 70.8018 4.34073 -31.9883
v 70.6773 3.29186 -36.8527
v 70.5028 2.27387 -41.5611
v 70.4298 1.68456 -46.1399
v 70.5103 1.64701 -50.7807
v 70.9304 2.45446 -55.2661
v 71.6827 3.77992 -60.3269
v 71.9836 4.20667 -66.3957
vn 0.2641 0.8961 -0.3567
vn 0.3447 0.8818 -0.3219
vn 0.2922 0.8592 -0.4201
vn 0.2323 0.8587 -0.4567
vn -0.7354 0.6771 -0.0267
vn -0.6345 0.7596 -0.1431
vn -0.6397 0.7412 -0.2034
vn -0.5405 0.765 -0.3502
vn -0.3273 0.8996 -0.2892
vn -0.2638 0.8123 -0.5201
vn 0.0472 0.9413 -0.3342
vn 0.0401 0.8235 -0.5659
vn 0.3021 0.9098 -0.2847
vn 0.2739 0.8086 -0.5208
vn 0.358 0.9048 -0.2308
vn 0.3629 0.821 -0.4409
vn 0.1906 0.957 -0.2187
vn 0.2107 0.8962 -0.3905
vn -0.0477 0.9831 -0.1766
vn -0.0563 0.9402 -0.3358
vn -0.168 0.9819 -0.0878
vn -0.2027 0.9439 -0.2605
vn -0.1377 0.9905 -0.0055
vn -0.1715 0.9629 -0.2086
vn -0.0742 0.996 0.0488
vn -0.1032 0.9784 -0.1792
vn -0.0906 0.9928 0.0783
vn -0.0995 0.9822 -0.1591
vn -0.1128 0.9919 0.0581
vn -0.0758 0.9831 -0.1666
vn -0.0084 0.9996 -0.0264
vn 0.0718 0.9732 -0.2183
vn 0.1554 0.9773 -0.1439
vn 0.2335 0.9244 -0.3017
vn 0.2005 0.951 -0.2355
vn 0.2191 0.8962 -0.3858
vn 0.1021 0.9629 -0.2498
vn 0.0568 0.907 -0.4172
vn -0.0296 0.9815 -0.189
vn -0.0937 0.9174 -0.3868
vn -0.0926 0.9903 -0.104
vn -0.1442 0.9294 -0.3396
vn -0.0533 0.9982 -0.026
vn -0.0914 0.9513 -0.2944
vn 0.0256 0.9992 0.03
vn 0.0025 0.9673 -0.2537
vn 0.0399 0.9979 0.0509
vn 0.0316 0.9692 -0.2442
vn -0.0252 0.9996 0.0141
vn -0.0103 0.9553 -0.2954
vn -0.0518 0.9955 -0.0798
vn -0.0162 0.9232 -0.3839
vn 0.058 0.9828 -0.1753
vn 0.0842 0.8865 -0.4549
vn 0.1814 0.9525 -0.2447
vn 0.194 0.8539 -0.483
vn 0.1706 0.9401 -0.2952
vn 0.1822 0.8591 -0.4783
vn 0.0827 0.9432 -0.3219
vn 0.0889 0.8882 -0.4507
vn 0.0297 0.9387 -0.3434
vn 0.0445 0.8944 -0.445
vn 0.1055 0.9226 -0.371
vn 0.1108 0.8748 -0.4716
vn -0.0784 0.9319 0.354
vn 0.1775 0.9216 0.3452
vn 0.1963 0.9552 0.2215
vn -0.0791 0.9695 0.2321
vn 0.1986 0.977 0.0775
vn -0.0831 0.9914 0.1006
vn 0.163 0.9821 0.0946
vn -0.1083 0.9872 0.1173
vn 0.1075 0.9869 0.1202
vn -0.1786 0.9773 0.1142
vn 0.0227 0.9982 0.0554
vn -0.2878 0.9575 0.0205
vn -0.3912 0.9203 0.0029
vn -0.0688 0.9974 0.0198
vn -0.1222 0.9904 0.0648
vn -0.4504 0.8908 0.0609
vn -0.1475 0.9852 0.0877
vn -0.4785 0.874 0.085
vn -0.5163 0.8554 0.0418
vn -0.1834 0.9812 0.0598
vn -0.5692 0.8186 -0.0768
vn -0.2388 0.9707 -0.0277
vn -0.2974 0.948 -0.1132
vn -0.6147 0.7682 -0.1786
vn -0.6455 0.7436 -0.1745
vn -0.3352 0.9356 -0.1105
vn -0.3376 0.9408 -0.0294
vn -0.654 0.7515 -0.0872
vn -0.328 0.9443 0.0266
vn -0.6414 0.7671 -0.0154
vn -0.3259 0.9441 -0.0499
vn -0.6213 0.7808 -0.0661
vn -0.5853 0.7936 -0.1659
vn -0.3289 0.9282 -0.1741
vn -0.5387 0.8253 -0.1697
vn -0.3364 0.9228 -0.1876
vn -0.3548 0.9318 -0.0769
vn -0.5097 0.8577 -0.0676
vn -0.3814 0.9229 0.0533
vn -0.5172 0.8541 0.0542
vn -0.5414 0.8324 0.1184
vn -0.4032 0.9073 0.1191
vn -0.4148 0.9005 0.1306
vn -0.5657 0.814 0.132
vn -0.5957 0.7939 0.1218
vn -0.4249 0.8968 0.1235
vn -0.6401 0.7637 0.0843
vn -0.4463 0.89 0.0935
vn -0.4827 0.8757 0.0104
vn -0.6902 0.7236 -0.0034
vn -0.7286 0.6766 -0.1064
vn -0.5345 0.8411 -0.0828
vn -0.6222 0.7787 -0.0804
vn -0.7699 0.6223 -0.1414
vn -0.719 0.6935 -0.0462
vn -0.8224 0.559 -0.1056
vn -0.8522 0.5217 0.0392
vn -0.7719 0.6335 0.0539
vn -0.7335 0.6732 0.0937
vn -0.821 0.5557 0.1307
vn 0.4452 0.8485 0.2862
vn 0.4363 0.8744 0.2124
vn 0.3767 0.9196 0.1117
vn 0.3212 0.9412 0.105
vn 0.3049 0.9451 0.1177
vn 0.3041 0.9494 0.079
vn 0.2996 0.9529 0.0464
vn 0.3011 0.9519 0.0563
vn 0.3098 0.9484 0.0681
vn 0.3111 0.9482 0.064
vn 0.2935 0.9551 0.0407
vn 0.2628 0.9647 0.0148
vn 0.2387 0.9709 0.0186
vn 0.2387 0.9693 0.0597
vn 0.2527 0.9643 0.079
vn 0.2491 0.9685 -0.0032
vn 0.1929 0.9742 -0.1171
vn 0.0863 0.9869 -0.1365
vn -0.0329 0.9987 -0.0398
vn -0.1165 0.9906 0.0718
vn -0.1427 0.9841 0.1056
vn -0.1177 0.9891 0.0886
vn -0.0683 0.9946 0.0776
vn -0.0296 0.9972 0.0694
vn -0.0176 0.9998 0.0105
vn -0.0411 0.9984 -0.0398
vn -0.1351 0.9898 0.0449
vn -0.2941 0.9513 0.0927
vn -0.4016 0.9102 0.1018
vn -0.3913 0.9192 0.0436
vn 0.2594 0.9221 0.2871
vn 0.2057 0.9307 0.3025
vn 0.1134 0.9603 0.255
vn 0.056 0.9877 0.1463
vn 0.1168 0.9923 0.0414
vn 0.2612 0.9651 -0.0169
vn 0.3868 0.9222 -0.0018
vn 0.4465 0.8944 0.027
vn 0.4732 0.8801 0.0389
vn 0.4862 0.8722 0.0536
vn 0.4871 0.8709 0.0655
vn 0.4876 0.8709 0.0621
vn 0.5029 0.8626 0.0551
vn 0.5408 0.8387 0.0639
vn 0.5807 0.8109 0.0726
vn 0.5761 0.816 0.0467
vn 0.5044 0.8634 0.0055
vn 0.3783 0.9257 0.0053
vn 0.233 0.9699 0.0711
vn 0.1094 0.9848 0.1353
vn 0.0392 0.9934 0.1079
vn 0.0379 0.999 0.0254
vn 0.096 0.9952 -0.0184
vn 0.1768 0.9842 -0.0113
vn 0.2344 0.972 -0.0195
vn 0.2439 0.9698 -0.0026
vn 0.2185 0.9673 0.129
vn 0.1767 0.9687 0.1742
vn 0.1221 0.9822 0.1425
vn 0.0759 0.996 0.0468
vn -0.0034 0.9404 0.3401
vn -0.0364 0.9243 0.38
vn -0.0832 0.9382 0.336
vn -0.05 0.9944 0.0929
vn 0.1018 0.983 -0.1527
vn 0.3004 0.9311 -0.2069
vn 0.425 0.9003 -0.0938
vn 0.4611 0.8873 -0.0024
vn 0.4712 0.8819 0.014
vn 0.4855 0.8734 0.0394
vn 0.4995 0.8641 0.0629
vn 0.5172 0.8545 0.0489
vn 0.5484 0.836 0.0198
vn 0.5904 0.807 0.0092
vn 0.6172 0.7855 0.0449
vn 0.6033 0.7914 0.0986
vn 0.5462 0.8293 0.1176
vn 0.4633 0.8763 0.1321
vn 0.3698 0.9106 0.1848
vn 0.2728 0.9345 0.2285
vn 0.1796 0.9688 0.1705
vn 0.1045 0.9941 0.03
vn 0.0766 0.9944 -0.0721
vn 0.1029 0.9909 -0.0863
vn 0.1455 0.9874 -0.0625
vn 0.1576 0.9873 0.0175
vn 0.1665 0.9756 0.143
vn 0.2218 0.9636 0.1492
vn 0.2877 0.9486 0.1317
vn 0.3109 0.9474 0.0766
vn -0.0185 0.9202 0.391
vn -0.0234 0.909 0.4161
vn -0.0022 0.9477 0.3192
vn 0.0737 0.9971 -0.018
vn 0.18 0.9315 -0.3161
vn 0.2666 0.9083 -0.3225
vn 0.2914 0.9483 -0.1256
vn 0.275 0.9614 -0.0021
vn 0.2665 0.9638 0.003
vn 0.2766 0.9606 0.0266
vn 0.2999 0.9527 0.0488
vn 0.3262 0.9449 0.0283
vn 0.3419 0.9396 -0.0155
vn 0.3529 0.9349 -0.0372
vn 0.3624 0.9316 0.0271
vn 0.3664 0.9213 0.1302
vn 0.3611 0.9162 0.1739
vn 0.3539 0.9167 0.1854
vn 0.3445 0.908 0.2385
vn 0.3231 0.9006 0.2908
vn 0.2827 0.9262 0.2494
vn 0.2179 0.9706 0.1026
vn 0.1471 0.9881 -0.0448
vn 0.0961 0.9909 -0.0942
vn 0.0576 0.996 -0.0681
vn 0.0178 0.9994 0.0307
vn 0.0037 0.9926 0.1217
vn 0.0552 0.9965 0.0632
vn 0.1608 0.9857 0.0501
vn 0.2848 0.9573 0.0503
vn 0.0239 0.9129 0.4076
vn 0.0326 0.9094 0.4147
vn 0.0577 0.9591 0.2771
vn 0.086 0.9917 -0.0959
vn 0.1089 0.9127 -0.3939
vn 0.1226 0.9298 -0.347
vn 0.1107 0.9882 -0.1056
vn 0.0851 0.9963 0.0146
vn 0.0629 0.9979 0.0132
vn 0.0491 0.9985 0.0233
vn 0.0516 0.998 0.0354
vn 0.0606 0.998 0.017
vn 0.0623 0.9978 -0.0222
vn 0.0562 0.9974 -0.0459
vn 0.0532 0.9985 0.0149
vn 0.0651 0.9911 0.1159
vn 0.096 0.9833 0.1544
vn 0.1441 0.9765 0.1605
vn 0.2013 0.9557 0.2148
vn 0.2587 0.9245 0.2798
vn 0.2971 0.9147 0.2739
vn 0.297 0.9408 0.1631
vn 0.2591 0.9658 0.0103
vn 0.2035 0.9781 -0.0439
vn 0.1297 0.9915 -0.0001
vn 0.0436 0.9958 0.0805
vn -0.0021 0.9926 0.1211
vn 0.0064 0.9999 0.013
vn 0.06 0.9972 -0.0441
vn 0.1318 0.991 -0.0237
vn 0.0134 0.9186 0.395
vn 0.0197 0.9159 0.4009
vn 0.0266 0.9659 0.2575
vn 0.0193 0.9935 -0.1125
vn 0.0014 0.9162 -0.4007
vn -0.0031 0.9381 -0.3464
vn 0.0102 0.995 -0.0992
vn 0.0173 0.9995 0.0272
vn 0.0092 0.9995 0.0308
vn 0.0043 0.9996 0.0265
vn 0.0047 0.9995 0.0322
vn 0.0011 0.9999 0.0171
vn -0.0096 0.9999 -0.0143
vn -0.0287 0.9992 -0.0288
vn -0.0497 0.9985 0.0208
vn -0.0527 0.9942 0.0941
vn -0.0297 0.9932 0.1124
vn 0.0072 0.9936 0.1125
vn 0.0521 0.9863 0.1566
vn 0.117 0.9698 0.2139
vn 0.1979 0.9548 0.222
vn 0.2638 0.9518 0.1564
vn 0.2729 0.9606 0.0519
vn 0.234 0.972 0.0202
vn 0.1754 0.9801 0.0931
vn 0.1088 0.981 0.1605
vn 0.0775 0.9894 0.1227
vn 0.0906 0.9958 -0.0115
vn 0.0759 0.9957 -0.0538
vn 0.0051 0.9998 -0.0191
vn -0.0068 0.9289 0.3702
vn -0.0041 0.9205 0.3908
vn -0.0081 0.9651 0.2619
vn -0.0237 0.995 -0.0969
vn -0.0464 0.9252 -0.3767
vn -0.0552 0.9339 -0.3532
vn -0.0266 0.9914 -0.1279
vn 0.0038 0.9998 0.0212
vn 0.0131 0.9993 0.0348
vn 0.0162 0.9996 0.0236
vn 0.0216 0.9993 0.0295
vn 0.0215 0.9995 0.0241
vn 0.0049 1 0.0057
vn -0.0247 0.9997 -0.0011
vn -0.047 0.9983 0.0358
vn -0.0468 0.9955 0.0829
vn -0.031 0.9957 0.0867
vn -0.0141 0.9962 0.0865
vn 0.003 0.9924 0.1228
vn 0.0286 0.9873 0.1565
vn 0.0836 0.9867 0.1393
vn 0.1503 0.9836 0.0997
vn 0.173 0.982 0.0764
vn 0.145 0.9865 0.0762
vn 0.1165 0.9819 0.1492
vn 0.1036 0.9736 0.2032
vn 0.1071 0.9882 0.1096
vn 0.1185 0.9924 -0.0338
vn 0.0764 0.9969 0.0191
vn -0.0499 0.9942 0.095
vn 0.0271 0.9398 0.3408
vn 0.0358 0.924 0.3807
vn 0.0394 0.9595 0.2788
vn 0.0219 0.9974 -0.0686
vn -0.0077 0.9371 -0.349
vn -0.0256 0.9325 -0.3603
vn -0.0127 0.9866 -0.1627
vn 0.0107 0.9999 0.0034
vn 0.0198 0.9992 0.0336
vn 0.017 0.9996 0.0242
vn 0.0141 0.9996 0.0264
vn 0.0118 0.9995 0.0297
vn -0.0006 0.9996 0.0287
vn -0.0239 0.9993 0.0278
vn -0.0396 0.9982 0.0448
vn -0.0332 0.9971 0.0688
vn -0.0168 0.9974 0.0704
vn -0.0021 0.9974 0.0723
vn 0.0151 0.9944 0.1048
vn 0.0324 0.9904 0.1343
vn 0.0408 0.9943 0.0988
vn 0.0422 0.9969 0.0666
vn 0.032 0.9952 0.0929
vn 0.0045 0.9933 0.1156
vn -0.0016 0.9881 0.1537
vn 0.0326 0.9825 0.1833
vn 0.0647 0.9934 0.0947
vn 0.0667 0.9971 -0.0361
vn 0.0346 0.9955 0.0883
vn -0.0471 0.9736 0.2232
vn 0.0603 0.9519 0.3005
vn 0.077 0.9307 0.3577
vn 0.0996 0.9524 0.2881
vn 0.0944 0.9949 -0.0356
vn 0.0585 0.9475 -0.3143
vn 0.0222 0.9362 -0.3508
vn 0.008 0.9841 -0.1774
vn 0.0104 0.9999 -0.0089
vn 0.0152 0.9994 0.0322
vn 0.0144 0.9995 0.0293
vn 0.0091 0.9995 0.0295
vn 0.0033 0.9994 0.0347
vn -0.0033 0.9991 0.0424
vn -0.0121 0.9989 0.0458
vn -0.0191 0.9986 0.0492
vn -0.0181 0.9982 0.0575
vn -0.012 0.9981 0.0598
vn -0.0039 0.9982 0.0604
vn 0.0144 0.9965 0.0818
vn 0.0443 0.9929 0.1105
vn 0.0538 0.9929 0.1058
vn 0.0154 0.9954 0.0951
vn -0.0385 0.9918 0.1218
vn -0.0696 0.9879 0.1387
vn -0.0652 0.9895 0.1291
vn -0.0204 0.9915 0.1281
vn 0.021 0.9967 0.078
vn 0.0216 0.9996 -0.0184
vn 0.0014 0.9926 0.121
vn -0.0255 0.9584 0.2844
vn 0.0342 0.9613 0.2735
vn 0.0419 0.9416 0.3342
vn 0.063 0.9583 0.2788
vn 0.0777 0.9968 -0.0174
vn 0.0655 0.9571 -0.2822
vn 0.0404 0.9436 -0.3285
vn 0.0177 0.9855 -0.1688
vn 0.0071 0.9999 -0.0115
vn 0.0099 0.9996 0.0272
vn 0.0134 0.9994 0.0316
vn 0.0127 0.9994 0.0332
vn 0.0111 0.9992 0.0382
vn 0.0101 0.9989 0.0464
vn 0.0093 0.9986 0.0513
vn 0.0085 0.9986 0.0514
vn 0.0097 0.9985 0.0533
vn 0.0134 0.9984 0.0547
vn 0.0218 0.9985 0.0497
vn 0.0453 0.9977 0.0508
vn 0.0864 0.9939 0.0692
vn 0.1112 0.9875 0.1113
vn 0.0809 0.984 0.1589
vn 0.0165 0.9842 0.1766
vn -0.0215 0.9872 0.1581
vn -0.0147 0.9944 0.1048
vn 0.0144 0.9967 0.0796
vn 0.0314 0.9974 0.065
vn -0 0.9997 0.0242
vn -0.0624 0.9884 0.1383
vn -0.0833 0.9535 0.2896
vn -0.0292 0.957 0.2887
vn -0.0326 0.9437 0.3293
vn -0.0223 0.9668 0.2545
vn 0.0081 0.9994 -0.0329
vn 0.0342 0.9592 -0.2805
vn 0.0393 0.9495 -0.3113
vn 0.0213 0.9887 -0.1481
vn 0.0066 0.9999 -0.0088
vn 0.0081 0.9998 0.0204
vn 0.0128 0.9995 0.0301
vn 0.0153 0.9993 0.033
vn 0.0175 0.9991 0.0377
vn 0.0206 0.9988 0.0447
vn 0.0238 0.9984 0.0505
vn 0.0274 0.9984 0.0495
vn 0.0345 0.9983 0.047
vn 0.0473 0.9979 0.0448
vn 0.0671 0.9972 0.0322
vn 0.0974 0.9951 0.0148
vn 0.1385 0.9901 0.0209
vn 0.1781 0.9798 0.0913
vn 0.187 0.9617 0.2003
vn 0.1543 0.9587 0.2391
vn 0.1138 0.9768 0.1817
vn 0.1011 0.9905 0.0934
vn 0.0981 0.9931 0.0648
vn 0.066 0.9935 0.0923
vn -0.0334 0.9923 0.1196
vn -0.1518 0.9721 0.179
vn -0.1705 0.9511 0.2575
vn -0.0575 0.9457 0.3198
vn -0.0551 0.9418 0.3318
vn -0.0315 0.9751 0.2196
vn 0.0134 0.9972 -0.0732
vn 0.0465 0.9532 -0.2989
vn 0.0458 0.9543 -0.2954
vn 0.021 0.9923 -0.122
vn 0.0046 1 -0.0048
vn 0.0056 0.9999 0.0142
vn 0.0111 0.9996 0.0261
vn 0.0159 0.9994 0.0298
vn 0.0207 0.9992 0.0338
vn 0.0269 0.9989 0.0394
vn 0.0337 0.9984 0.0457
vn 0.0405 0.9982 0.0439
vn 0.0497 0.9981 0.0363
vn 0.0645 0.9975 0.0279
vn 0.0851 0.9963 0.0086
vn 0.1088 0.9939 -0.0162
vn 0.1379 0.9902 -0.0205
vn 0.1864 0.9815 0.0431
vn 0.2408 0.9521 0.1884
vn 0.2501 0.9272 0.2788
vn 0.2116 0.9523 0.2199
vn 0.1705 0.9796 0.1059
vn 0.143 0.9864 0.0807
vn 0.0971 0.9816 0.1647
vn -0.0165 0.9652 0.2611
vn -0.1407 0.9542 0.2641
vn -0.1374 0.9696 0.2025
vn -0.025 0.9461 0.323
vn -0.0035 0.9503 0.3112
vn 0.0511 0.9845 0.1678
vn 0.0992 0.9887 -0.1124
vn 0.1018 0.9498 -0.2959
vn 0.0618 0.9642 -0.258
vn 0.0185 0.9956 -0.0916
vn 0.0019 1 -0.0017
vn 0.0031 1 0.0091
vn 0.0086 0.9998 0.0202
vn 0.0148 0.9996 0.0247
vn 0.0212 0.9994 0.0276
vn 0.0294 0.9991 0.0313
vn 0.0398 0.9985 0.0366
vn 0.0507 0.9981 0.0352
vn 0.0604 0.9978 0.026
vn 0.0695 0.9975 0.0143
vn 0.0765 0.9971 -0.0058
vn 0.0796 0.9964 -0.0298
vn 0.0853 0.9954 -0.0436
vn 0.1129 0.9936 -0.0095
vn 0.1709 0.975 0.1419
vn 0.2043 0.9357 0.2877
vn 0.1838 0.9449 0.2708
vn 0.1396 0.9802 0.1404
vn 0.1169 0.9884 0.0973
vn 0.1105 0.9698 0.2172
vn 0.0709 0.9249 0.3736
vn 0.0063 0.9367 0.35
vn 0.023 0.9897 0.1415
vn 0.0408 0.9592 0.2799
vn 0.0818 0.9641 0.2525
vn 0.1513 0.9828 0.1063
vn 0.1707 0.9775 -0.1237
vn 0.1231 0.9609 -0.2479
vn 0.0489 0.9795 -0.1954
vn 0.0024 0.9978 -0.0658
vn -0.0031 1 -0.0037
vn 0.0018 1 0.0051
vn 0.0066 0.9999 0.0139
vn 0.0129 0.9997 0.0186
vn 0.0199 0.9996 0.0202
vn 0.0289 0.9994 0.0214
vn 0.041 0.9989 0.024
vn 0.0526 0.9983 0.0252
vn 0.0576 0.9981 0.0212
vn 0.0551 0.9984 0.0125
vn 0.0463 0.9989 -0.0022
vn 0.0303 0.9993 -0.0208
vn 0.0083 0.9993 -0.0369
vn -0.0027 0.9995 -0.0313
vn 0.0305 0.9961 0.0823
vn 0.0865 0.9629 0.2555
vn 0.1091 0.9481 0.2986
vn 0.0969 0.9806 0.1706
vn 0.0988 0.9911 0.0887
vn 0.1365 0.9686 0.2078
vn 0.1751 0.9008 0.3974
vn 0.1813 0.907 0.3802
vn 0.1752 0.9793 0.1017
vn 0.0677 0.9768 0.2033
vn 0.1101 0.9792 0.1705
vn 0.1705 0.9838 0.0561
vn 0.1632 0.9823 -0.0917
vn 0.0919 0.982 -0.1652
vn 0.0136 0.9916 -0.129
vn -0.0159 0.9983 -0.0565
vn -0.0075 0.9999 -0.0139
vn 0.0008 1 0.002
vn 0.0048 1 0.0082
vn 0.0104 0.9999 0.0124
vn 0.0169 0.9998 0.0128
vn 0.0251 0.9996 0.0116
vn 0.0343 0.9993 0.0125
vn 0.0388 0.999 0.0204
vn 0.0343 0.9991 0.0257
vn 0.0238 0.9995 0.0213
vn 0.0084 0.9999 0.0133
vn -0.0173 0.9998 0.0059
vn -0.0577 0.9983 -0.001
vn -0.0895 0.9957 -0.0242
vn -0.0657 0.9977 0.018
vn 0.0159 0.9835 0.1802
vn 0.0906 0.9569 0.276
vn 0.1195 0.9769 0.1773
vn 0.129 0.9894 0.0666
vn 0.1677 0.9728 0.1601
vn 0.2298 0.9054 0.357
vn 0.2565 0.8926 0.3708
vn 0.2019 0.9725 0.1159
vn 0.0329 0.9906 0.1329
vn 0.0606 0.9931 0.1006
vn 0.095 0.9951 0.0277
vn 0.0825 0.9955 -0.0468
vn 0.0358 0.9953 -0.09
vn -0.0025 0.9961 -0.0881
vn -0.0086 0.9981 -0.0617
vn -0.0023 0.9997 -0.0231
vn 0.0004 1 -0
vn 0.0028 1 0.0038
vn 0.0071 1 0.0069
vn 0.0122 0.9999 0.0067
vn 0.0174 0.9998 0.0043
vn 0.0192 0.9998 0.0088
vn 0.0138 0.9996 0.0249
vn 0.0054 0.9994 0.0342
vn -0.0022 0.9995 0.0311
vn -0.012 0.9995 0.0288
vn -0.0304 0.9989 0.0347
vn -0.0643 0.997 0.0439
vn -0.0965 0.9953 -0.0073
vn -0.0826 0.9958 -0.04
vn -0.0063 0.9965 0.0838
vn 0.0841 0.9743 0.209
vn 0.1302 0.9775 0.1658
vn 0.1311 0.9894 0.0624
vn 0.1403 0.9827 0.1212
vn 0.1815 0.9349 0.3049
vn 0.1967 0.9073 0.3717
vn 0.1143 0.9755 0.1881
vn 0.0071 0.9951 0.0985
vn 0.0139 0.9977 0.0668
vn 0.0228 0.9996 0.0177
vn 0.0197 0.9996 -0.0206
vn 0.0096 0.9983 -0.0579
vn 0.0089 0.9967 -0.0812
vn 0.0108 0.9979 -0.0645
vn 0.005 0.9998 -0.0209
vn 0.0004 1 -0.0004
vn 0.0009 1 0.0013
vn 0.0032 1 0.0029
vn 0.006 1 0.0028
vn 0.0062 1 0.0028
vn -0.0005 0.9999 0.0152
vn -0.01 0.9994 0.0335
vn -0.0146 0.9992 0.0385
vn -0.0147 0.9993 0.0346
vn -0.0141 0.9993 0.0346
vn -0.0141 0.9988 0.0473
vn -0.0215 0.9972 0.0717
vn -0.0403 0.9991 0.0132
vn -0.0489 0.9965 -0.0682
vn -0.0172 0.9998 0.0042
vn 0.04 0.9892 0.1409
vn 0.0713 0.9859 0.1517
vn 0.0644 0.9947 0.0799
vn 0.0531 0.9925 0.11
vn 0.0743 0.9619 0.263
vn 0.0906 0.9216 0.3775
vn 0.0261 0.9611 0.2749
vn -0.0066 0.9959 0.0903
vn -0.0057 0.9982 0.059
vn -0.0009 0.9999 0.0121
vn 0.0098 0.9997 -0.022
vn 0.0227 0.9979 -0.0601
vn 0.0274 0.9961 -0.0833
vn 0.0178 0.9983 -0.0552
vn 0.0048 0.9999 -0.0118
vn -0.0005 1 0.0005
vn -0.0033 1 0.0026
vn -0.0079 1 0.004
vn -0.0123 0.9999 0.0032
vn -0.0168 0.9998 0.0067
vn -0.0225 0.9995 0.0237
vn -0.0258 0.9989 0.0379
vn -0.0238 0.999 0.0366
vn -0.0177 0.9994 0.0306
vn -0.0082 0.9996 0.0285
vn 0.0069 0.9992 0.0385
vn 0.0226 0.9971 0.0727
vn 0.0187 0.9991 0.0371
vn -0.0138 0.9986 -0.0505
vn -0.0423 0.9989 -0.0192
vn -0.0427 0.9934 0.106
vn -0.037 0.989 0.1433
vn -0.0384 0.9949 0.0932
vn -0.0301 0.9943 0.1019
vn 0.0078 0.9761 0.2173
vn 0.0485 0.9288 0.3675
vn 0.024 0.9393 0.3422
vn -0.008 0.9962 0.0871
vn -0.0041 0.9985 0.0541
vn 0.0015 1 0.0066
vn 0.0016 0.9996 -0.0278
vn -0.0019 0.9979 -0.0645
vn -0.0043 0.9967 -0.081
vn -0.0033 0.9988 -0.0485
vn -0.0013 1 -0.0076
vn -0.0049 1 0.0053
vn -0.0166 0.9998 0.0121
vn -0.0306 0.9994 0.0131
vn -0.0421 0.9991 0.0099
vn -0.0492 0.9987 0.0116
vn -0.0488 0.9985 0.0242
vn -0.0412 0.9986 0.0332
vn -0.0309 0.9991 0.0289
vn -0.0196 0.9996 0.0209
vn -0.0059 0.9999 0.015
vn 0.01 0.9997 0.021
vn 0.0254 0.9979 0.0589
vn 0.0207 0.9979 0.0621
vn -0.0232 0.9997 0.0055
vn -0.0829 0.9965 0.0118
vn -0.1165 0.9877 0.1046
vn -0.1203 0.9833 0.1367
vn -0.1034 0.9913 0.081
vn -0.0569 0.9968 0.0569
vn 0.0193 0.9878 0.1543
vn 0.0763 0.9323 0.3535
vn 0.0674 0.9212 0.3833
vn 0.0181 0.9967 0.0785
vn 0.018 0.9986 0.0506
vn 0.0036 0.9998 0.0187
vn -0.0295 0.9995 -0.0063
vn -0.059 0.9969 -0.0518
vn -0.0648 0.9943 -0.0851
vn -0.0448 0.9969 -0.0652
vn -0.0203 0.9996 -0.0173
vn -0.0174 0.9997 0.0157
vn -0.0328 0.999 0.0288
vn -0.0479 0.9985 0.0254
vn -0.0584 0.9981 0.0196
vn -0.0663 0.9977 0.0169
vn -0.0666 0.9976 0.0189
vn -0.0558 0.9982 0.0203
vn -0.04 0.9991 0.0158
vn -0.0252 0.9997 0.0079
vn -0.012 0.9999 0.001
vn -0.0045 0.9999 0.0115
vn -0.0053 0.9986 0.0529
vn -0.0209 0.996 0.0873
vn -0.0577 0.9963 0.0644
vn -0.0967 0.9939 0.0522
vn -0.1115 0.9875 0.1118
vn -0.1036 0.9865 0.1271
vn -0.0779 0.9957 0.0496
vn -0.0194 0.9996 -0.0188
vn 0.0569 0.9938 0.0952
vn 0.0782 0.9277 0.3651
vn 0.0562 0.9106 0.4095
vn 0.027 0.9968 0.075
vn 0.0121 0.9978 0.0653
vn -0.0277 0.998 0.0576
vn -0.0699 0.997 0.0321
vn -0.0926 0.9951 -0.0359
vn -0.0896 0.9911 -0.0981
vn -0.068 0.9933 -0.0939
vn -0.0445 0.9984 -0.0359
vn -0.0348 0.9992 0.0218
vn -0.0393 0.9983 0.0425
vn -0.0472 0.9983 0.0347
vn -0.0537 0.9982 0.0273
vn -0.0592 0.998 0.0225
vn -0.062 0.9979 0.0163
vn -0.0575 0.9983 0.0077
vn -0.0453 0.999 0.0003
vn -0.0303 0.9995 -0.0064
vn -0.0175 0.9998 -0.0108
vn -0.0115 0.9999 0.0097
vn -0.016 0.9981 0.0595
vn -0.027 0.994 0.1057
vn -0.0406 0.9946 0.0959
vn -0.049 0.9964 0.0684
vn -0.0406 0.9937 0.1049
vn -0.0182 0.9938 0.1099
vn 0.0095 0.9998 0.0188
vn 0.0362 0.9968 -0.0719
vn 0.0237 0.9934 0.1119
vn -0.0231 0.9114 0.4109
vn -0.0433 0.9079 0.4169
vn -0.006 0.9941 0.1087
vn -0.0478 0.9917 0.1194
vn -0.1134 0.9875 0.1093
vn -0.1376 0.9893 0.0489
vn -0.1232 0.9915 -0.0428
vn -0.0978 0.9881 -0.1186
vn -0.0763 0.9903 -0.1163
vn -0.0641 0.9968 -0.0487
vn -0.0545 0.9984 0.016
vn -0.0466 0.9979 0.0449
vn -0.0452 0.9982 0.0387
vn -0.0455 0.9985 0.0302
vn -0.0456 0.9986 0.0251
vn -0.046 0.9988 0.0168
vn -0.0455 0.999 0.0022
vn -0.041 0.9991 -0.0109
vn -0.0312 0.9993 -0.0199
vn -0.0169 0.9996 -0.0245
vn -0.0037 1 0.0042
vn 0.0017 0.998 0.0638
vn 0.0078 0.9944 0.1058
vn 0.0167 0.9949 0.0999
vn 0.0081 0.9967 0.0807
vn -0.0036 0.9954 0.0961
vn 0.0108 0.9964 0.0839
vn 0.0377 0.9993 -0.0085
vn 0.0158 0.9987 -0.0488
vn -0.0866 0.9779 0.1903
vn -0.1474 0.8826 0.4465
vn -0.1181 0.92 0.3737
vn -0.0477 0.9821 0.1825
vn -0.0966 0.9738 0.2057
vn -0.1774 0.9694 0.1697
vn -0.1987 0.9793 0.0391
vn -0.17 0.9827 -0.0734
vn -0.14 0.9798 -0.1428
vn -0.1133 0.9834 -0.1414
vn -0.0841 0.9944 -0.0646
vn -0.0743 0.9972 0.013
vn -0.0774 0.9961 0.0434
vn -0.0713 0.9969 0.0324
vn -0.0553 0.9982 0.0209
vn -0.0394 0.999 0.0187
vn -0.0307 0.9994 0.0149
vn -0.0322 0.9995 0.0049
vn -0.0424 0.9991 -0.008
vn -0.0468 0.9985 -0.0281
vn -0.0344 0.9985 -0.043
vn -0.0149 0.9998 -0.0099
vn 0.0034 0.9985 0.0542
vn 0.0241 0.9958 0.0888
vn 0.0347 0.9945 0.0987
vn 0.0154 0.9938 0.1105
vn -0.0159 0.9939 0.109
vn -0.0217 0.9978 0.0633
vn -0.0204 0.9996 -0.0217
vn -0.0815 0.9961 0.0352
vn -0.1597 0.952 0.2612
vn -0.1463 0.8964 0.4184
vn -0.0361 0.9583 0.2835
vn -0.0648 0.9654 0.2525
vn -0.0924 0.9555 0.28
vn -0.1357 0.966 0.2202
vn -0.1436 0.9892 0.0284
vn -0.1371 0.9862 -0.0927
vn -0.1505 0.9789 -0.1379
vn -0.1627 0.9739 -0.1579
vn -0.1408 0.985 -0.1002
vn -0.1093 0.994 0.006
vn -0.1014 0.9938 0.0447
vn -0.0943 0.9954 0.0175
vn -0.0691 0.9976 -0.0053
vn -0.036 0.9993 -0.0041
vn -0.0141 0.9999 0.0071
vn -0.0164 0.9997 0.0167
vn -0.0409 0.9991 0.015
vn -0.0669 0.9976 -0.0202
vn -0.0739 0.9957 -0.0556
vn -0.0607 0.9977 -0.0297
vn -0.0312 0.9991 0.0275
vn 0.0025 0.998 0.0633
vn 0.0226 0.9952 0.0949
vn 0.0224 0.9909 0.1331
vn 0.0066 0.9911 0.1329
vn -0.019 0.9973 0.0714
vn -0.0769 0.9967 0.0239
vn -0.16 0.9802 0.1168
vn -0.1775 0.9472 0.2671
vn -0.0709 0.9464 0.315
vn 0.0857 0.9826 0.1646
vn -0.0763 0.9535 0.2915
vn -0.07 0.95 0.3044
vn -0.0467 0.9751 0.2167
vn -0.0282 0.9993 0.024
vn -0.057 0.996 -0.0683
vn -0.1184 0.9892 -0.0862
vn -0.186 0.9745 -0.1258
vn -0.2211 0.968 -0.1185
vn -0.1962 0.98 -0.0347
vn -0.1408 0.9899 0.0168
vn -0.1008 0.9949 -0.0025
vn -0.0739 0.9966 -0.0376
vn -0.0394 0.9984 -0.0394
vn -0.0084 0.9999 -0.0099
vn -0.0001 0.9996 0.0275
vn -0.013 0.9991 0.0413
vn -0.034 0.9994 0.0007
vn -0.0567 0.9972 -0.0479
vn -0.0702 0.9968 -0.0388
vn -0.0616 0.9981 -0.0001
vn -0.0371 0.9987 0.0356
vn -0.009 0.9971 0.0757
vn 0.0194 0.9923 0.1222
vn 0.0347 0.9895 0.1401
vn 0.0007 0.9926 0.1212
vn -0.0915 0.9881 0.1233
vn -0.1711 0.969 0.1784
vn -0.1542 0.9662 0.2068
vn -0.0359 0.983 0.1799
vn 0.0987 0.9944 0.0371
vn -0.0908 0.9454 0.313
vn -0.0677 0.9574 0.2808
vn -0.0106 0.9876 0.1564
vn 0.0185 0.9995 0.0272
vn -0.0227 0.9997 -0.0072
vn -0.0969 0.9952 -0.0111
vn -0.1734 0.9837 -0.0484
vn -0.2437 0.9664 -0.0815
vn -0.2758 0.959 -0.0661
vn -0.2502 0.9675 -0.0371
vn -0.2077 0.9775 -0.0383
vn -0.1741 0.9827 -0.0635
vn -0.1527 0.9859 -0.0684
vn -0.1356 0.9903 -0.0295
vn -0.1228 0.9921 0.0249
vn -0.1106 0.9929 0.0436
vn -0.1 0.9949 0.0087
vn -0.1102 0.9937 -0.0197
vn -0.1545 0.988 -0.0026
vn -0.2086 0.9779 0.0161
vn -0.2331 0.9723 0.0185
vn -0.214 0.9764 0.03
vn -0.1541 0.986 0.0633
vn -0.0866 0.9902 0.1097
vn -0.0624 0.9847 0.1629
vn -0.0817 0.9771 0.1964
vn -0.0972 0.9753 0.1983
vn -0.0726 0.9858 0.1512
vn -0.0205 0.9957 0.0904
vn 0.0427 0.9972 -0.0611
vn -0.0757 0.9398 0.3332
vn -0.0587 0.9678 0.2446
vn -0.0059 0.9964 0.0849
vn 0.0373 0.9991 0.0224
vn 0.0294 0.9984 0.0485
vn -0.029 0.9971 0.0698
vn -0.1107 0.993 0.0413
vn -0.1894 0.9819 -0.0053
vn -0.2596 0.9653 -0.0273
vn -0.3088 0.95 -0.0463
vn -0.3204 0.9452 -0.0626
vn -0.3182 0.9455 -0.0695
vn -0.3266 0.9428 -0.0674
vn -0.3341 0.9418 -0.037
vn -0.323 0.9464 0.0056
vn -0.2956 0.9552 0.0168
vn -0.2737 0.9618 0.0019
vn -0.2845 0.9585 0.0182
vn -0.3363 0.9389 0.0739
vn -0.4106 0.908 0.0838
vn -0.4592 0.888 0.0218
vn -0.4387 0.8978 -0.0384
vn -0.3547 0.934 -0.0433
vn -0.2373 0.9713 0.0168
vn -0.1192 0.9862 0.1151
vn -0.0268 0.9839 0.1767
vn 0.0219 0.9828 0.1834
vn 0.0144 0.9876 0.1565
vn -0.0143 0.9973 0.0716
vn -0.0031 0.9935 -0.1135
vn 0.0118 0.9422 0.3347
vn 0.0236 0.9756 0.2181
vn 0.0556 0.998 0.0306
vn 0.1042 0.9945 -0.0134
vn 0.1418 0.9881 0.0595
vn 0.1257 0.9822 0.1396
vn 0.0558 0.9886 0.1399
vn -0.0306 0.9961 0.0833
vn -0.1145 0.9921 0.0517
vn -0.1985 0.98 0.0172
vn -0.2667 0.9632 -0.0339
vn -0.3096 0.9497 -0.0474
vn -0.346 0.9375 -0.0361
vn -0.3712 0.9281 -0.0301
vn -0.3619 0.9318 -0.026
vn -0.327 0.9447 -0.0247
vn -0.2991 0.9541 -0.0128
vn -0.2972 0.9539 0.041
vn -0.3156 0.941 0.122
vn -0.3388 0.9307 0.1378
vn -0.3539 0.9347 0.0343
vn -0.3363 0.9369 -0.0952
vn -0.2698 0.9517 -0.1466
vn -0.1539 0.9818 -0.1111
vn -0.0073 0.9999 -0.0083
vn 0.1184 0.989 0.089
vn 0.1763 0.9694 0.171
vn 0.1558 0.9641 0.2148
vn 0.1088 0.9883 0.1068
vn 0.0914 0.9876 -0.1278
vn 0.1317 0.9466 0.2943
vn 0.1523 0.9704 0.1876
vn 0.1746 0.9846 -0.0002
vn 0.2035 0.9771 -0.062
vn 0.2562 0.9664 0.023
vn 0.3034 0.9411 0.1492
vn 0.3215 0.9264 0.1962
vn 0.2954 0.9434 0.1507
vn 0.2358 0.9648 0.1161
vn 0.1636 0.9821 0.0929
vn 0.0736 0.9966 0.0373
vn -0.0179 0.9998 0.006
vn -0.0889 0.996 0.0124
vn -0.1386 0.9903 -0.0057
vn -0.1587 0.9864 -0.0429
vn -0.1452 0.987 -0.0682
vn -0.1043 0.9927 -0.0613
vn -0.0481 0.9988 0.0033
vn 0.0085 0.9951 0.0986
vn 0.0486 0.9903 0.1302
vn 0.0646 0.9973 0.0361
vn 0.0705 0.9916 -0.108
vn 0.0869 0.9776 -0.1915
vn 0.1298 0.9717 -0.1976
vn 0.2015 0.9727 -0.1154
vn 0.28 0.96 0.0031
vn 0.3344 0.9306 0.149
vn 0.3439 0.9046 0.2519
vn 0.3303 0.9309 0.156
vn 0.307 0.9455 -0.1083
vn 0.1897 0.9475 0.2575
vn 0.2184 0.962 0.1637
vn 0.2432 0.9699 -0.0096
vn 0.2535 0.9636 -0.0852
vn 0.3021 0.9533 -0.0026
vn 0.3877 0.9111 0.1401
vn 0.4622 0.8642 0.1987
vn 0.4851 0.8589 0.1642
vn 0.4591 0.8783 0.1336
vn 0.4118 0.9037 0.117
vn 0.3372 0.9386 0.0734
vn 0.2278 0.9728 0.0418
vn 0.1283 0.9909 0.0403
vn 0.0628 0.9979 0.0132
vn 0.0166 0.9991 -0.0399
vn 0.0031 0.9962 -0.087
vn 0.0472 0.994 -0.0987
vn 0.1383 0.9897 -0.0378
vn 0.231 0.9708 0.0646
vn 0.2896 0.9512 0.1065
vn 0.3135 0.9491 0.031
vn 0.3128 0.9447 -0.0983
vn 0.3015 0.9349 -0.1874
vn 0.2926 0.9321 -0.2137
vn 0.306 0.9397 -0.1525
vn 0.3487 0.9367 -0.0326
vn 0.3979 0.9081 0.1304
vn 0.4227 0.8696 0.255
vn 0.4291 0.8861 0.1751
vn 0.4097 0.9086 -0.0811
vt 0.967742 0.967742
vt 1 0.967742
vt 1 1
vt 0.967742 1
vt 0 0.967742
vt 0.032258 0.967742
vt 0 1
vt 0.032258 1
vt 0.064516 0.967742
vt 0.064516 1
vt 0.096774 0.967742
vt 0.096774 1
vt 0.129032 0.967742
vt 0.129032 1
vt 0.16129 0.967742
vt 0.16129 1
vt 0.193548 0.967742
vt 0.193548 1
vt 0.225806 0.967742
vt 0.225806 1
vt 0.258065 0.967742
vt 0.258065 1
vt 0.290323 0.967742
vt 0.290323 1
vt 0.322581 0.967742
vt 0.322581 1
vt 0.354839 0.967742
vt 0.354839 1
vt 0.387097 0.967742
vt 0.387097 1
vt 0.419355 0.967742
vt 0.419355 1
vt 0.451613 0.967742
vt 0.451613 1
vt 0.483871 0.967742
vt 0.483871 1
vt 0.516129 0.967742
vt 0.516129 1
vt 0.548387 0.967742
vt 0.548387 1
vt 0.580645 0.967742
vt 0.580645 1
vt 0.612903 0.967742
vt 0.612903 1
vt 0.645161 0.967742
vt 0.645161 1
vt 0.677419 0.967742
vt 0.677419 1
vt 0.709677 0.967742
vt 0.709677 1
vt 0.741935 0.967742
vt 0.741935 1
vt 0.774194 0.967742
vt 0.774194 1
vt 0.806452 0.967742
vt 0.806452 1
vt 0.83871 0.967742
vt 0.83871 1
vt 0.870968 0.967742
vt 0.870968 1
vt 0.903226 0.967742
vt 0.903226 1
vt 0.935484 0.967742
vt 0.935484 1
vt 0 0
vt 0.032258 0
vt 0.032258 0.032258
vt 0 0.032258
vt 0.032258 0.064516
vt 0 0.064516
vt 0.032258 0.096774
vt 0 0.096774
vt 0.032258 0.129032
vt 0 0.129032
vt 0.032258 0.16129
vt 0 0.16129
vt 0 0.193548
vt 0.032258 0.193548
vt 0.032258 0.225806
vt 0 0.225806
vt 0.032258 0.258065
vt 0 0.258065
vt 0 0.290323
vt 0.032258 0.290323
vt 0 0.322581
vt 0.032258 0.322581
vt 0.032258 0.354839
vt 0 0.354839
vt 0 0.387097
vt 0.032258 0.387097
vt 0.032258 0.419355
vt 0 0.419355
vt 0.032258 0.451613
vt 0 0.451613
vt 0.032258 0.483871
vt 0 0.483871
vt 0 0.516129
vt 0.032258 0.516129
vt 0 0.548387
vt 0.032258 0.548387
vt 0.032258 0.580645
vt 0 0.580645
vt 0.032258 0.612903
vt 0 0.612903
vt 0 0.645161
vt 0.032258 0.645161
vt 0.032258 0.677419
vt 0 0.677419
vt 0 0.709677
vt 0.032258 0.709677
vt 0 0.741935
vt 0.032258 0.741935
vt 0.032258 0.774194
vt 0 0.774194
vt 0 0.806452
vt 0.032258 0.806452
vt 0.032258 0.83871
vt 0 0.83871
vt 0.032258 0.870968
vt 0 0.870968
vt 0 0.903226
vt 0.032258 0.903226
vt 0.032258 0.935484
vt 0 0.935484
vt 0.064516 0
vt 0.064516 0.032258
vt 0.064516 0.064516
vt 0.064516 0.096774
vt 0.064516 0.129032
vt 0.064516 0.16129
vt 0.064516 0.193548
vt 0.064516 0.225806
vt 0.064516 0.258065
vt 0.064516 0.290323
vt 0.064516 0.322581
vt 0.064516 0.354839
vt 0.064516 0.387097
vt 0.064516 0.419355
vt 0.064516 0.451613
vt 0.064516 0.483871
vt 0.064516 0.516129
vt 0.064516 0.548387
vt 0.064516 0.580645
vt 0.064516 0.612903
vt 0.064516 0.645161
vt 0.064516 0.677419
vt 0.064516 0.709677
vt 0.064516 0.741935
vt 0.064516 0.774194
vt 0.064516 0.806452
vt 0.064516 0.83871
vt 0.064516 0.870968
vt 0.064516 0.903226
vt 0.064516 0.935484
vt 0.096774 0
vt 0.096774 0.032258
vt 0.096774 0.064516
vt 0.096774 0.096774
vt 0.096774 0.129032
vt 0.096774 0.16129
vt 0.096774 0.193548
vt 0.096774 0.225806
vt 0.096774 0.258065
vt 0.096774 0.290323
vt 0.096774 0.322581
vt 0.096774 0.354839
vt 0.096774 0.387097
vt 0.096774 0.419355
vt 0.096774 0.451613
vt 0.096774 0.483871
vt 0.096774 0.516129
vt 0.096774 0.548387
vt 0.096774 0.580645
vt 0.096774 0.612903
vt 0.096774 0.645161
vt 0.096774 0.677419
vt 0.096774 0.709677
vt 0.096774 0.741935
vt 0.096774 0.774194
vt 0.096774 0.806452
vt 0.096774 0.83871
vt 0.096774 0.870968
vt 0.096774 0.903226
vt 0.096774 0.935484
vt 0.129032 0
vt 0.129032 0.032258
vt 0.129032 0.064516
vt 0.129032 0.096774
vt 0.129032 0.129032
vt 0.129032 0.16129
vt 0.129032 0.193548
vt 0.129032 0.225806
vt 0.129032 0.258065
vt 0.129032 0.290323
vt 0.129032 0.322581
vt 0.129032 0.354839
vt 0.129032 0.387097
vt 0.129032 0.419355
vt 0.129032 0.451613
vt 0.129032 0.483871
vt 0.129032 0.516129
vt 0.129032 0.548387
vt 0.129032 0.580645
vt 0.129032 0.612903
vt 0.129032 0.645161
vt 0.129032 0.677419
vt 0.129032 0.709677
vt 0.129032 0.741935
vt 0.129032 0.774194
vt 0.129032 0.806452
vt 0.129032 0.83871
vt 0.129032 0.870968
vt 0.129032 0.903226
vt 0.129032 0.935484
vt 0.16129 0
vt 0.16129 0.032258
vt 0.16129 0.064516
vt 0.16129 0.096774
vt 0.16129 0.129032
vt 0.16129 0.16129
vt 0.16129 0.193548
vt 0.16129 0.225806
vt 0.16129 0.258065
vt 0.16129 0.290323
vt 0.16129 0.322581
vt 0.16129 0.354839
vt 0.16129 0.387097
vt 0.16129 0.419355
vt 0.16129 0.451613
vt 0.16129 0.483871
vt 0.16129 0.516129
vt 0.16129 0.548387
vt 0.16129 0.580645
vt 0.16129 0.612903
vt 0.16129 0.645161
vt 0.16129 0.677419
vt 0.16129 0.709677
vt 0.16129 0.741935
vt 0.16129 0.774194
vt 0.16129 0.806452
vt 0.16129 0.83871
vt 0.16129 0.870968
vt 0.16129 0.903226
vt 0.16129 0.935484
vt 0.193548 0
vt 0.193548 0.032258
vt 0.193548 0.064516
vt 0.193548 0.096774
vt 0.193548 0.129032
vt 0.193548 0.16129
vt 0.193548 0.193548
vt 0.193548 0.225806
vt 0.193548 0.258065
vt 0.193548 0.290323
vt 0.193548 0.322581
vt 0.193548 0.354839
vt 0.193548 0.387097
vt 0.193548 0.419355
vt 0.193548 0.451613
vt 0.193548 0.483871
vt 0.193548 0.516129
vt 0.193548 0.548387
vt 0.193548 0.580645
vt 0.193548 0.612903
vt 0.193548 0.645161
vt 0.193548 0.677419
vt 0.193548 0.709677
vt 0.193548 0.741935
vt 0.193548 0.774194
vt 0.193548 0.806452
vt 0.193548 0.83871
vt 0.193548 0.870968
vt 0.193548 0.903226
vt 0.193548 0.935484
vt 0.225806 0
vt 0.225806 0.032258
vt 0.225806 0.064516
vt 0.225806 0.096774
vt 0.225806 0.129032
vt 0.225806 0.16129
vt 0.225806 0.193548
vt 0.225806 0.225806
vt 0.225806 0.258065
vt 0.225806 0.290323
vt 0.225806 0.322581
vt 0.225806 0.354839
vt 0.225806 0.387097
vt 0.225806 0.419355
vt 0.225806 0.451613
vt 0.225806 0.483871
vt 0.225806 0.516129
vt 0.225806 0.548387
vt 0.225806 0.580645
vt 0.225806 0.612903
vt 0.225806 0.645161
vt 0.225806 0.677419
vt 0.225806 0.709677
vt 0.225806 0.741935
vt 0.225806 0.774194
vt 0.225806 0.806452
vt 0.225806 0.83871
vt 0.225806 0.870968
vt 0.225806 0.903226
vt 0.225806 0.935484
vt 0.258065 0
vt 0.258065 0.032258
vt 0.258065 0.064516
vt 0.258065 0.096774
vt 0.258065 0.129032
vt 0.258065 0.16129
vt 0.258065 0.193548
vt 0.258065 0.225806
vt 0.258065 0.258065
vt 0.258065 0.290323
vt 0.258065 0.322581
vt 0.258065 0.354839
vt 0.258065 0.387097
vt 0.258065 0.419355
vt 0.258065 0.451613
vt 0.258065 0.483871
vt 0.258065 0.516129
vt 0.258065 0.548387
vt 0.258065 0.580645
vt 0.258065 0.612903
vt 0.258065 0.645161
vt 0.258065 0.677419
vt 0.258065 0.709677
vt 0.258065 0.741935
vt 0.258065 0.774194
vt 0.258065 0.806452
vt 0.258065 0.83871
vt 0.258065 0.870968
vt 0.258065 0.903226
vt 0.258065 0.935484
vt 0.290323 0
vt 0.290323 0.032258
vt 0.290323 0.064516
vt 0.290323 0.096774
vt 0.290323 0.129032
vt 0.290323 0.16129
vt 0.290323 0.193548
vt 0.290323 0.225806
vt 0.290323 0.258065
vt 0.290323 0.290323
vt 0.290323 0.322581
vt 0.290323 0.354839
vt 0.290323 0.387097
vt 0.290323 0.419355
vt 0.290322 0.451613
vt 0.290322 0.483871
vt 0.290323 0.516129
vt 0.290323 0.548387
vt 0.290323 0.580645
vt 0.290323 0.612903
vt 0.290323 0.645161
vt 0.290323 0.677419
vt 0.290323 0.709677
vt 0.290323 0.741935
vt 0.290323 0.774194
vt 0.290323 0.806452
vt 0.290323 0.83871
vt 0.290323 0.870968
vt 0.290323 0.903226
vt 0.290323 0.935484
vt 0.322581 0
vt 0.322581 0.032258
vt 0.322581 0.064516
vt 0.322581 0.096774
vt 0.322581 0.129032
vt 0.322581 0.16129
vt 0.322581 0.193548
vt 0.322581 0.225806
vt 0.322581 0.258065
vt 0.322581 0.290323
vt 0.322581 0.322581
vt 0.322581 0.354839
vt 0.322581 0.387097
vt 0.322581 0.419355
vt 0.322581 0.451613
vt 0.322581 0.483871
vt 0.322581 0.516129
vt 0.322581 0.548387
vt 0.322581 0.580645
vt 0.322581 0.612903
vt 0.322581 0.645161
vt 0.322581 0.677419
vt 0.322581 0.709677
vt 0.322581 0.741935
vt 0.322581 0.774194
vt 0.322581 0.806452
vt 0.322581 0.83871
vt 0.322581 0.870968
vt 0.322581 0.903226
vt 0.322581 0.935484
vt 0.354839 0
vt 0.354839 0.032258
vt 0.354839 0.064516
vt 0.354839 0.096774
vt 0.354839 0.129032
vt 0.354839 0.16129
vt 0.354839 0.193548
vt 0.354839 0.225806
vt 0.354839 0.258065
vt 0.354839 0.290323
vt 0.354839 0.322581
vt 0.354839 0.354839
vt 0.354839 0.387097
vt 0.354839 0.419355
vt 0.354839 0.451613
vt 0.354839 0.483871
vt 0.354839 0.516129
vt 0.354839 0.548387
vt 0.354839 0.580645
vt 0.354839 0.612903
vt 0.354839 0.645161
vt 0.354839 0.677419
vt 0.354839 0.709677
vt 0.354839 0.741935
vt 0.354839 0.774194
vt 0.354839 0.806452
vt 0.354839 0.83871
vt 0.354839 0.870968
vt 0.354839 0.903226
vt 0.354839 0.935484
vt 0.387097 0
vt 0.387097 0.032258
vt 0.387097 0.064516
vt 0.387097 0.096774
vt 0.387097 0.129032
vt 0.387097 0.16129
vt 0.387097 0.193548
vt 0.387097 0.225806
vt 0.387097 0.258065
vt 0.387097 0.290323
vt 0.387097 0.322581
vt 0.387097 0.354839
vt 0.387097 0.387097
vt 0.387097 0.419355
vt 0.387097 0.451613
vt 0.387097 0.483871
vt 0.387097 0.516129
vt 0.387097 0.548387
vt 0.387097 0.580645
vt 0.387097 0.612903
vt 0.387097 0.645161
vt 0.387097 0.677419
vt 0.387097 0.709677
vt 0.387097 0.741935
vt 0.387097 0.774194
vt 0.387097 0.806452
vt 0.387097 0.83871
vt 0.387097 0.870968
vt 0.387097 0.903226
vt 0.387097 0.935484
vt 0.419355 0
vt 0.419355 0.032258
vt 0.419355 0.064516
vt 0.419355 0.096774
vt 0.419355 0.129032
vt 0.419355 0.16129
vt 0.419355 0.193548
vt 0.419355 0.225806
vt 0.419355 0.258065
vt 0.419355 0.290323
vt 0.419355 0.322581
vt 0.419355 0.354839
vt 0.419355 0.387097
vt 0.419355 0.419355
vt 0.419355 0.451613
vt 0.419355 0.483871
vt 0.419355 0.516129
vt 0.419355 0.548387
vt 0.419355 0.580645
vt 0.419355 0.612903
vt 0.419355 0.645161
vt 0.419355 0.677419
vt 0.419355 0.709677
vt 0.419355 0.741935
vt 0.419355 0.774194
vt 0.419355 0.806452
vt 0.419355 0.83871
vt 0.419355 0.870968
vt 0.419355 0.903226
vt 0.419355 0.935484
vt 0.451613 0
vt 0.451613 0.032258
vt 0.451613 0.064516
vt 0.451613 0.096774
vt 0.451613 0.129032
vt 0.451613 0.16129
vt 0.451613 0.193548
vt 0.451613 0.225806
vt 0.451613 0.258065
vt 0.451613 0.290323
vt 0.451613 0.322581
vt 0.451613 0.354839
vt 0.451613 0.387097
vt 0.451613 0.419355
vt 0.451613 0.451613
vt 0.451613 0.483871
vt 0.451613 0.516129
vt 0.451613 0.548387
vt 0.451613 0.580645
vt 0.451613 0.612903
vt 0.451613 0.645161
vt 0.451613 0.677419
vt 0.451613 0.709677
vt 0.451613 0.741935
vt 0.451613 0.774194
vt 0.451613 0.806452
vt 0.451613 0.83871
vt 0.451613 0.870968
vt 0.451613 0.903226
vt 0.451613 0.935484
vt 0.483871 0
vt 0.483871 0.032258
vt 0.483871 0.064516
vt 0.483871 0.096774
vt 0.483871 0.129032
vt 0.483871 0.16129
vt 0.483871 0.193548
vt 0.483871 0.225806
vt 0.483871 0.258065
vt 0.483871 0.290323
vt 0.483871 0.322581
vt 0.483871 0.354839
vt 0.483871 0.387097
vt 0.483871 0.419355
vt 0.483871 0.451613
vt 0.483871 0.483871
vt 0.483871 0.516129
vt 0.483871 0.548387
vt 0.483871 0.580645
vt 0.483871 0.612903
vt 0.483871 0.645161
vt 0.483871 0.677419
vt 0.483871 0.709677
vt 0.483871 0.741935
vt 0.483871 0.774194
vt 0.483871 0.806452
vt 0.483871 0.83871
vt 0.483871 0.870968
vt 0.483871 0.903226
vt 0.483871 0.935484
vt 0.516129 0
vt 0.516129 0.032258
vt 0.516129 0.064516
vt 0.516129 0.096774
vt 0.516129 0.129032
vt 0.516129 0.16129
vt 0.516129 0.193548
vt 0.516129 0.225806
vt 0.516129 0.258065
vt 0.516129 0.290323
vt 0.516129 0.322581
vt 0.516129 0.354839
vt 0.516129 0.387097
vt 0.516129 0.419355
vt 0.516129 0.451613
vt 0.516129 0.483871
vt 0.516129 0.516129
vt 0.516129 0.548387
vt 0.516129 0.580645
vt 0.516129 0.612903
vt 0.516129 0.645161
vt 0.516129 0.677419
vt 0.516129 0.709677
vt 0.516129 0.741935
vt 0.516129 0.774194
vt 0.516129 0.806452
vt 0.516129 0.83871
vt 0.516129 0.870968
vt 0.516129 0.903226
vt 0.516129 0.935484
vt 0.548387 0
vt 0.548387 0.032258
vt 0.548387 0.064516
vt 0.548387 0.096774
vt 0.548387 0.129032
vt 0.548387 0.16129
vt 0.548387 0.193548
vt 0.548387 0.225806
vt 0.548387 0.258065
vt 0.548387 0.290323
vt 0.548387 0.322581
vt 0.548387 0.354839
vt 0.548387 0.387097
vt 0.548387 0.419355
vt 0.548387 0.451613
vt 0.548387 0.483871
vt 0.548387 0.516129
vt 0.548387 0.548387
vt 0.548387 0.580645
vt 0.548387 0.612903
vt 0.548387 0.645161
vt 0.548387 0.677419
vt 0.548387 0.709677
vt 0.548387 0.741935
vt 0.548387 0.774194
vt 0.548387 0.806452
vt 0.548387 0.83871
vt 0.548387 0.870968
vt 0.548387 0.903226
vt 0.548387 0.935484
vt 0.580645 0
vt 0.580645 0.032258
vt 0.580645 0.064516
vt 0.580645 0.096774
vt 0.580645 0.129032
vt 0.580645 0.16129
vt 0.580645 0.193548
vt 0.580645 0.225806
vt 0.580645 0.258065
vt 0.580645 0.290323
vt 0.580645 0.322581
vt 0.580645 0.354839
vt 0.580645 0.387097
vt 0.580645 0.419355
vt 0.580645 0.451613
vt 0.580645 0.483871
vt 0.580645 0.516129
vt 0.580645 0.548387
vt 0.580645 0.580645
vt 0.580645 0.612903
vt 0.580645 0.645161
vt 0.580645 0.677419
vt 0.580645 0.709677
vt 0.580645 0.741935
vt 0.580645 0.774194
vt 0.580645 0.806452
vt 0.580645 0.83871
vt 0.580645 0.870968
vt 0.580645 0.903226
vt 0.580645 0.935484
vt 0.612903 0
vt 0.612903 0.032258
vt 0.612903 0.064516
vt 0.612903 0.096774
vt 0.612903 0.129032
vt 0.612903 0.16129
vt 0.612903 0.193548
vt 0.612903 0.225806
vt 0.612903 0.258065
vt 0.612903 0.290323
vt 0.612903 0.322581
vt 0.612903 0.354839
vt 0.612903 0.387097
vt 0.612903 0.419355
vt 0.612903 0.451613
vt 0.612903 0.483871
vt 0.612903 0.516129
vt 0.612903 0.548387
vt 0.612903 0.580645
vt 0.612903 0.612903
vt 0.612903 0.645161
vt 0.612903 0.677419
vt 0.612903 0.709677
vt 0.612903 0.741935
vt 0.612903 0.774194
vt 0.612903 0.806452
vt 0.612903 0.83871
vt 0.612903 0.870968
vt 0.612903 0.903226
vt 0.612903 0.935484
vt 0.645161 0
vt 0.645161 0.032258
vt 0.645161 0.064516
vt 0.645161 0.096774
vt 0.645161 0.129032
vt 0.645161 0.16129
vt 0.645161 0.193548
vt 0.645161 0.225806
vt 0.645161 0.258065
vt 0.645161 0.290323
vt 0.645161 0.322581
vt 0.645161 0.354839
vt 0.645161 0.387097
vt 0.645161 0.419355
vt 0.645161 0.451613
vt 0.645161 0.483871
vt 0.645161 0.516129
vt 0.645161 0.548387
vt 0.645161 0.580645
vt 0.645161 0.612903
vt 0.645161 0.645161
vt 0.645161 0.677419
vt 0.645161 0.709677
vt 0.645161 0.741935
vt 0.645161 0.774194
vt 0.645161 0.806452
vt 0.645161 0.83871
vt 0.645161 0.870968
vt 0.645161 0.903226
vt 0.645161 0.935484
vt 0.677419 0
vt 0.677419 0.032258
vt 0.677419 0.064516
vt 0.677419 0.096774
vt 0.677419 0.129032
vt 0.677419 0.16129
vt 0.677419 0.193548
vt 0.677419 0.225806
vt 0.677419 0.258065
vt 0.677419 0.290323
vt 0.677419 0.322581
vt 0.677419 0.354839
vt 0.677419 0.387097
vt 0.677419 0.419355
vt 0.677419 0.451613
vt 0.677419 0.483871
vt 0.677419 0.516129
vt 0.677419 0.548387
vt 0.677419 0.580645
vt 0.677419 0.612903
vt 0.677419 0.645161
vt 0.677419 0.677419
vt 0.677419 0.709677
vt 0.677419 0.741935
vt 0.677419 0.774194
vt 0.677419 0.806452
vt 0.677419 0.83871
vt 0.677419 0.870968
vt 0.677419 0.903226
vt 0.677419 0.935484
vt 0.709677 0
vt 0.709677 0.032258
vt 0.709677 0.064516
vt 0.709677 0.096774
vt 0.709677 0.129032
vt 0.709677 0.16129
vt 0.709677 0.193548
vt 0.709677 0.225806
vt 0.709677 0.258065
vt 0.709677 0.290323
vt 0.709677 0.322581
vt 0.709677 0.354839
vt 0.709677 0.387097
vt 0.709677 0.419355
vt 0.709677 0.451613
vt 0.709677 0.483871
vt 0.709677 0.516129
vt 0.709677 0.548387
vt 0.709677 0.580645
vt 0.709677 0.612903
vt 0.709677 0.645161
vt 0.709677 0.677419
vt 0.709677 0.709677
vt 0.709677 0.741935
vt 0.709677 0.774194
vt 0.709677 0.806452
vt 0.709677 0.83871
vt 0.709677 0.870968
vt 0.709677 0.903226
vt 0.709677 0.935484
vt 0.741935 0
vt 0.741936 0.032258
vt 0.741935 0.064516
vt 0.741935 0.096774
vt 0.741936 0.129032
vt 0.741936 0.16129
vt 0.741936 0.193548
vt 0.741935 0.225806
vt 0.741935 0.258065
vt 0.741935 0.290323
vt 0.741935 0.322581
vt 0.741935 0.354839
vt 0.741935 0.387097
vt 0.741935 0.419355
vt 0.741935 0.451613
vt 0.741935 0.483871
vt 0.741935 0.516129
vt 0.741935 0.548387
vt 0.741935 0.580645
vt 0.741935 0.612903
vt 0.741935 0.645161
vt 0.741935 0.677419
vt 0.741935 0.709677
vt 0.741935 0.741935
vt 0.741935 0.774194
vt 0.741935 0.806452
vt 0.741935 0.83871
vt 0.741935 0.870968
vt 0.741935 0.903226
vt 0.741935 0.935484
vt 0.774194 0
vt 0.774194 0.032258
vt 0.774193 0.064516
vt 0.774193 0.096774
vt 0.774193 0.129032
vt 0.774193 0.16129
vt 0.774193 0.193548
vt 0.774193 0.225806
vt 0.774193 0.258065
vt 0.774193 0.290323
vt 0.774193 0.322581
vt 0.774193 0.354839
vt 0.774193 0.387097
vt 0.774193 0.419355
vt 0.774193 0.451613
vt 0.774193 0.483871
vt 0.774193 0.516129
vt 0.774193 0.548387
vt 0.774193 0.580645
vt 0.774193 0.612903
vt 0.774193 0.645161
vt 0.774193 0.677419
vt 0.774193 0.709677
vt 0.774193 0.741935
vt 0.774193 0.774194
vt 0.774193 0.806452
vt 0.774193 0.83871
vt 0.774194 0.870968
vt 0.774194 0.903226
vt 0.774193 0.935484
vt 0.806452 0
vt 0.806452 0.032258
vt 0.806452 0.064516
vt 0.806452 0.096774
vt 0.806452 0.129032
vt 0.806452 0.16129
vt 0.806452 0.193548
vt 0.806452 0.225806
vt 0.806452 0.258065
vt 0.806452 0.290323
vt 0.806452 0.322581
vt 0.806452 0.354839
vt 0.806452 0.387097
vt 0.806452 0.419355
vt 0.806451 0.451613
vt 0.806451 0.483871
vt 0.806451 0.516129
vt 0.806451 0.548387
vt 0.806451 0.580645
vt 0.806451 0.612903
vt 0.806451 0.645161
vt 0.806451 0.677419
vt 0.806451 0.709677
vt 0.806452 0.741935
vt 0.806452 0.774194
vt 0.806452 0.806452
vt 0.806452 0.83871
vt 0.806452 0.870968
vt 0.806452 0.903226
vt 0.806452 0.935484
vt 0.83871 0
vt 0.83871 0.032258
vt 0.83871 0.064516
vt 0.83871 0.096774
vt 0.83871 0.129032
vt 0.83871 0.16129
vt 0.83871 0.193548
vt 0.83871 0.225806
vt 0.83871 0.258065
vt 0.83871 0.290323
vt 0.83871 0.322581
vt 0.83871 0.354839
vt 0.83871 0.387097
vt 0.83871 0.419355
vt 0.83871 0.451613
vt 0.83871 0.483871
vt 0.83871 0.516129
vt 0.83871 0.548387
vt 0.83871 0.580645
vt 0.83871 0.612903
vt 0.83871 0.645161
vt 0.83871 0.677419
vt 0.83871 0.709677
vt 0.83871 0.741935
vt 0.83871 0.774194
vt 0.83871 0.806452
vt 0.83871 0.83871
vt 0.83871 0.870968
vt 0.83871 0.903226
vt 0.83871 0.935484
vt 0.870968 0
vt 0.870968 0.032258
vt 0.870968 0.064516
vt 0.870968 0.096774
vt 0.870968 0.129032
vt 0.870968 0.16129
vt 0.870968 0.193548
vt 0.870968 0.225806
vt 0.870968 0.258065
vt 0.870968 0.290323
vt 0.870968 0.322581
vt 0.870968 0.354839
vt 0.870968 0.387097
vt 0.870968 0.419355
vt 0.870968 0.451613
vt 0.870968 0.483871
vt 0.870968 0.516129
vt 0.870968 0.548387
vt 0.870968 0.580645
vt 0.870968 0.612903
vt 0.870968 0.645161
vt 0.870968 0.677419
vt 0.870968 0.709677
vt 0.870968 0.741935
vt 0.870968 0.774194
vt 0.870968 0.806452
vt 0.870968 0.83871
vt 0.870968 0.870968
vt 0.870968 0.903226
vt 0.870968 0.935484
vt 0.903226 0
vt 0.903226 0.032258
vt 0.903226 0.064516
vt 0.903226 0.096774
vt 0.903226 0.129032
vt 0.903226 0.16129
vt 0.903226 0.193548
vt 0.903226 0.225806
vt 0.903226 0.258065
vt 0.903226 0.290323
vt 0.903226 0.322581
vt 0.903226 0.354839
vt 0.903226 0.387097
vt 0.903226 0.419355
vt 0.903226 0.451613
vt 0.903226 0.483871
vt 0.903226 0.516129
vt 0.903226 0.548387
vt 0.903226 0.580645
vt 0.903226 0.612903
vt 0.903226 0.645161
vt 0.903226 0.677419
vt 0.903226 0.709677
vt 0.903226 0.741935
vt 0.903226 0.774194
vt 0.903226 0.806452
vt 0.903226 0.83871
vt 0.903226 0.870968
vt 0.903226 0.903226
vt 0.903226 0.935484
vt 0.935484 0
vt 0.935484 0.032258
vt 0.935484 0.064516
vt 0.935484 0.096774
vt 0.935484 0.129032
vt 0.935484 0.16129
vt 0.935484 0.193548
vt 0.935484 0.225806
vt 0.935484 0.258065
vt 0.935484 0.290323
vt 0.935484 0.322581
vt 0.935484 0.354839
vt 0.935484 0.387097
vt 0.935484 0.419355
vt 0.935484 0.451613
vt 0.935484 0.483871
vt 0.935484 0.516129
vt 0.935484 0.548387
vt 0.935484 0.580645
vt 0.935484 0.612903
vt 0.935484 0.645161
vt 0.935484 0.677419
vt 0.935484 0.709677
vt 0.935484 0.741935
vt 0.935484 0.774194
vt 0.935484 0.806452
vt 0.935484 0.83871
vt 0.935484 0.870968
vt 0.935484 0.903226
vt 0.935484 0.935484
vt 0.967742 0
vt 0.967742 0.032258
vt 0.967742 0.064516
vt 0.967742 0.096774
vt 0.967742 0.129032
vt 0.967742 0.16129
vt 0.967742 0.193548
vt 0.967742 0.225806
vt 0.967742 0.258065
vt 0.967742 0.290323
vt 0.967742 0.322581
vt 0.967742 0.354839
vt 0.967742 0.387097
vt 0.967742 0.419355
vt 0.967742 0.451613
vt 0.967742 0.483871
vt 0.967742 0.516129
vt 0.967742 0.548387
vt 0.967742 0.580645
vt 0.967742 0.612903
vt 0.967742 0.645161
vt 0.967742 0.677419
vt 0.967742 0.709677
vt 0.967742 0.741935
vt 0.967742 0.774194
vt 0.967742 0.806452
vt 0.967742 0.83871
vt 0.967742 0.870968
vt 0.967742 0.903226
vt 0.967742 0.935484
vt 1 0
vt 1 0.032258
vt 1 0.064516
vt 1 0.096774
vt 1 0.129032
vt 1 0.16129
vt 1 0.193548
vt 1 0.225806
vt 1 0.258065
vt 1 0.290323
vt 1 0.322581
vt 1 0.354839
vt 1 0.387097
vt 1 0.419355
vt 1 0.451613
vt 1 0.483871
vt 1 0.516129
vt 1 0.548387
vt 1 0.580645
vt 1 0.612903
vt 1 0.645161
vt 1 0.677419
vt 1 0.709677
vt 1 0.741935
vt 1 0.774194
vt 1 0.806452
vt 1 0.83871
vt 1 0.870968
vt 1 0.903226
vt 1 0.935484
usemtl 
f 1/1/1 2/2/2 3/3/3
f 1/1/1 3/3/3 4/4/4
f 5/5/5 6/6/6 7/7/7
f 6/6/6 8/8/8 7/7/7
f 6/6/6 9/9/9 8/8/8
f 9/9/9 10/10/10 8/8/8
f 9/9/9 11/11/11 10/10/10
f 11/11/11 12/12/12 10/10/10
f 11/11/11 13/13/13 14/14/14
f 11/11/11 14/14/14 12/12/12
f 13/13/13 15/15/15 16/16/16
f 13/13/13 16/16/16 14/14/14
f 15/15/15 17/17/17 16/16/16
f 17/17/17 18/18/18 16/16/16
f 17/17/17 19/19/19 18/18/18
f 19/19/19 20/20/20 18/18/18
f 19/19/19 21/21/21 20/20/20
f 21/21/21 22/22/22 20/20/20
f 21/21/21 23/23/23 22/22/22
f 23/23/23 24/24/24 22/22/22
f 23/23/23 25/25/25 24/24/24
f 25/25/25 26/26/26 24/24/24
f 25/25/25 27/27/27 28/28/28
f 25/25/25 28/28/28 26/26/26
f 27/27/27 29/29/29 30/30/30
f 27/27/27 30/30/30 28/28/28
f 29/29/29 31/31/31 32/32/32
f 29/29/29 32/32/32 30/30/30
f 31/31/31 33/33/33 32/32/32
f 33/33/33 34/34/34 32/32/32
f 33/33/33 35/35/35 36/36/36
f 33/33/33 36/36/36 34/34/34
f 35/35/35 37/37/37 38/38/38
f 35/35/35 38/38/38 36/36/36
f 37/37/37 39/39/39 38/38/38
f 39/39/39 40/40/40 38/38/38
f 39/39/39 41/41/41 42/42/42
f 39/39/39 42/42/42 40/40/40
f 41/41/41 43/43/43 44/44/44
f 41/41/41 44/44/44 42/42/42
f 43/43/43 45/45/45 46/46/46
f 43/43/43 46/46/46 44/44/44
f 45/45/45 47/47/47 46/46/46
f 47/47/47 48/48/48 46/46/46
f 47/47/47 49/49/49 48/48/48
f 49/49/49 50/50/50 48/48/48
f 49/49/49 51/51/51 52/52/52
f 49/49/49 52/52/52 50/50/50
f 51/51/51 53/53/53 54/54/54
f 51/51/51 54/54/54 52/52/52
f 53/53/53 55/55/55 56/56/56
f 53/53/53 56/56/56 54/54/54
f 55/55/55 57/57/57 58/58/58
f 55/55/55 58/58/58 56/56/56
f 57/57/57 59/59/59 58/58/58
f 59/59/59 60/60/60 58/58/58
f 59/59/59 61/61/61 60/60/60
f 61/61/61 62/62/62 60/60/60
f 61/61/61 63/63/63 64/64/64
f 61/61/61 64/64/64 62/62/62
f 63/63/63 1/1/1 4/4/4
f 63/63/63 4/4/4 64/64/64
f 65/65/65 66/66/66 67/67/67
f 65/65/65 67/67/67 68/68/68
f 68/68/68 67/67/67 69/69/69
f 68/68/68 69/69/69 70/70/70
f 70/70/70 69/69/69 71/71/71
f 70/70/70 71/71/71 72/72/72
f 72/72/72 71/71/71 73/73/73
f 72/72/72 73/73/73 74/74/74
f 74/74/74 73/73/73 75/75/75
f 74/74/74 75/75/75 76/76/76
f 76/76/76 75/75/75 77/77/77
f 75/75/75 78/78/78 77/77/77
f 77/77/77 78/78/78 79/79/79
f 77/77/77 79/79/79 80/80/80
f 80/80/80 79/79/79 81/81/81
f 80/80/80 81/81/81 82/82/82
f 82/82/82 81/81/81 83/83/83
f 81/81/81 84/84/84 83/83/83
f 83/83/83 84/84/84 85/85/85
f 84/84/84 86/86/86 85/85/85
f 85/85/85 86/86/86 87/87/87
f 85/85/85 87/87/87 88/88/88
f 88/88/88 87/87/87 89/89/89
f 87/87/87 90/90/90 89/89/89
f 89/89/89 90/90/90 91/91/91
f 89/89/89 91/91/91 92/92/92
f 92/92/92 91/91/91 93/93/93
f 92/92/92 93/93/93 94/94/94
f 94/94/94 93/93/93 95/95/95
f 94/94/94 95/95/95 96/96/96
f 96/96/96 95/95/95 97/97/97
f 95/95/95 98/98/98 97/97/97
f 97/97/97 98/98/98 99/99/99
f 98/98/98 100/100/100 99/99/99
f 99/99/99 100/100/100 101/101/101
f 99/99/99 101/101/101 102/102/102
f 102/102/102 101/101/101 103/103/103
f 102/102/102 103/103/103 104/104/104
f 104/104/104 103/103/103 105/105/105
f 103/103/103 106/106/106 105/105/105
f 105/105/105 106/106/106 107/107/107
f 105/105/105 107/107/107 108/108/108
f 108/108/108 107/107/107 109/109/109
f 107/107/107 110/110/110 109/109/109
f 109/109/109 110/110/110 111/111/111
f 110/110/110 112/112/112 111/111/111
f 111/111/111 112/112/112 113/113/113
f 111/111/111 113/113/113 114/114/114
f 114/114/114 113/113/113 115/115/115
f 113/113/113 116/116/116 115/115/115
f 115/115/115 116/116/116 117/117/117
f 115/115/115 117/117/117 118/118/118
f 118/118/118 117/117/117 119/119/119
f 118/118/118 119/119/119 120/120/120
f 120/120/120 119/119/119 121/121/121
f 119/119/119 122/122/122 121/121/121
f 121/121/121 122/122/122 123/123/123
f 121/121/121 123/123/123 124/124/124
f 124/124/124 123/123/123 6/6/6
f 124/124/124 6/6/6 5/5/5
f 66/66/66 125/125/125 67/67/67
f 125/125/125 126/126/126 67/67/67
f 67/67/67 126/126/126 127/127/127
f 67/67/67 127/127/127 69/69/69
f 69/69/69 127/127/127 71/71/71
f 127/127/127 128/128/128 71/71/71
f 71/71/71 128/128/128 129/129/129
f 71/71/71 129/129/129 73/73/73
f 73/73/73 129/129/129 75/75/75
f 129/129/129 130/130/130 75/75/75
f 75/75/75 130/130/130 78/78/78
f 130/130/130 131/131/131 78/78/78
f 78/78/78 131/131/131 79/79/79
f 131/131/131 132/132/132 79/79/79
f 79/79/79 132/132/132 133/133/133
f 79/79/79 133/133/133 81/81/81
f 81/81/81 133/133/133 134/134/134
f 81/81/81 134/134/134 84/84/84
f 84/84/84 134/134/134 86/86/86
f 134/134/134 135/135/135 86/86/86
f 86/86/86 135/135/135 136/136/136
f 86/86/86 136/136/136 87/87/87
f 87/87/87 136/136/136 90/90/90
f 136/136/136 137/137/137 90/90/90
f 90/90/90 137/137/137 91/91/91
f 137/137/137 138/138/138 91/91/91
f 91/91/91 138/138/138 139/139/139
f 91/91/91 139/139/139 93/93/93
f 93/93/93 139/139/139 95/95/95
f 139/139/139 140/140/140 95/95/95
f 95/95/95 140/140/140 141/141/141
f 95/95/95 141/141/141 98/98/98
f 98/98/98 141/141/141 100/100/100
f 141/141/141 142/142/142 100/100/100
f 100/100/100 142/142/142 143/143/143
f 100/100/100 143/143/143 101/101/101
f 101/101/101 143/143/143 144/144/144
f 101/101/101 144/144/144 103/103/103
f 103/103/103 144/144/144 106/106/106
f 144/144/144 145/145/145 106/106/106
f 106/106/106 145/145/145 146/146/146
f 106/106/106 146/146/146 107/107/107
f 107/107/107 146/146/146 110/110/110
f 146/146/146 147/147/147 110/110/110
f 110/110/110 147/147/147 112/112/112
f 147/147/147 148/148/148 112/112/112
f 112/112/112 148/148/148 113/113/113
f 148/148/148 149/149/149 113/113/113
f 113/113/113 149/149/149 116/116/116
f 149/149/149 150/150/150 116/116/116
f 116/116/116 150/150/150 151/151/151
f 116/116/116 151/151/151 117/117/117
f 117/117/117 151/151/151 152/152/152
f 117/117/117 152/152/152 119/119/119
f 119/119/119 152/152/152 122/122/122
f 152/152/152 153/153/153 122/122/122
f 122/122/122 153/153/153 123/123/123
f 153/153/153 154/154/154 123/123/123
f 123/123/123 154/154/154 6/6/6
f 154/154/154 9/9/9 6/6/6
f 125/125/125 155/155/155 156/156/156
f 125/125/125 156/156/156 126/126/126
f 126/126/126 156/156/156 157/157/157
f 126/126/126 157/157/157 127/127/127
f 127/127/127 157/157/157 158/158/158
f 127/127/127 158/158/158 128/128/128
f 128/128/128 158/158/158 159/159/159
f 128/128/128 159/159/159 129/129/129
f 129/129/129 159/159/159 130/130/130
f 159/159/159 160/160/160 130/130/130
f 130/130/130 160/160/160 131/131/131
f 160/160/160 161/161/161 131/131/131
f 131/131/131 161/161/161 132/132/132
f 161/161/161 162/162/162 132/132/132
f 132/132/132 162/162/162 133/133/133
f 162/162/162 163/163/163 133/133/133
f 133/133/133 163/163/163 164/164/164
f 133/133/133 164/164/164 134/134/134
f 134/134/134 164/164/164 165/165/165
f 134/134/134 165/165/165 135/135/135
f 135/135/135 165/165/165 136/136/136
f 165/165/165 166/166/166 136/136/136
f 136/136/136 166/166/166 167/167/167
f 136/136/136 167/167/167 137/137/137
f 137/137/137 167/167/167 138/138/138
f 167/167/167 168/168/168 138/138/138
f 138/138/138 168/168/168 169/169/169
f 138/138/138 169/169/169 139/139/139
f 139/139/139 169/169/169 170/170/170
f 139/139/139 170/170/170 140/140/140
f 140/140/140 170/170/170 171/171/171
f 140/140/140 171/171/171 141/141/141
f 141/141/141 171/171/171 172/172/172
f 141/141/141 172/172/172 142/142/142
f 142/142/142 172/172/172 143/143/143
f 172/172/172 173/173/173 143/143/143
f 143/143/143 173/173/173 174/174/174
f 143/143/143 174/174/174 144/144/144
f 144/144/144 174/174/174 175/175/175
f 144/144/144 175/175/175 145/145/145
f 145/145/145 175/175/175 146/146/146
f 175/175/175 176/176/176 146/146/146
f 146/146/146 176/176/176 177/177/177
f 146/146/146 177/177/177 147/147/147
f 147/147/147 177/177/177 148/148/148
f 177/177/177 178/178/178 148/148/148
f 148/148/148 178/178/178 179/179/179
f 148/148/148 179/179/179 149/149/149
f 149/149/149 179/179/179 180/180/180
f 149/149/149 180/180/180 150/150/150
f 150/150/150 180/180/180 151/151/151
f 180/180/180 181/181/181 151/151/151
f 151/151/151 181/181/181 152/152/152
f 181/181/181 182/182/182 152/152/152
f 152/152/152 182/182/182 183/183/183
f 152/152/152 183/183/183 153/153/153
f 153/153/153 183/183/183 154/154/154
f 183/183/183 184/184/184 154/154/154
f 154/154/154 184/184/184 9/9/9
f 184/184/184 11/11/11 9/9/9
f 155/155/155 185/185/185 186/186/186
f 155/155/155 186/186/186 156/156/156
f 156/156/156 186/186/186 187/187/187
f 156/156/156 187/187/187 157/157/157
f 157/157/157 187/187/187 188/188/188
f 157/157/157 188/188/188 158/158/158
f 158/158/158 188/188/188 189/189/189
f 158/158/158 189/189/189 159/159/159
f 159/159/159 189/189/189 190/190/190
f 159/159/159 190/190/190 160/160/160
f 160/160/160 190/190/190 161/161/161
f 190/190/190 191/191/191 161/161/161
f 161/161/161 191/191/191 192/192/192
f 161/161/161 192/192/192 162/162/162
f 162/162/162 192/192/192 193/193/193
f 162/162/162 193/193/193 163/163/163
f 163/163/163 193/193/193 194/194/194
f 163/163/163 194/194/194 164/164/164
f 164/164/164 194/194/194 195/195/195
f 164/164/164 195/195/195 165/165/165
f 165/165/165 195/195/195 166/166/166
f 195/195/195 196/196/196 166/166/166
f 166/166/166 196/196/196 167/167/167
f 196/196/196 197/197/197 167/167/167
f 167/167/167 197/197/197 168/168/168
f 197/197/197 198/198/198 168/168/168
f 168/168/168 198/198/198 169/169/169
f 198/198/198 199/199/199 169/169/169
f 169/169/169 199/199/199 200/200/200
f 169/169/169 200/200/200 170/170/170
f 170/170/170 200/200/200 201/201/201
f 170/170/170 201/201/201 171/171/171
f 171/171/171 201/201/201 172/172/172
f 201/201/201 202/202/202 172/172/172
f 172/172/172 202/202/202 203/203/203
f 172/172/172 203/203/203 173/173/173
f 173/173/173 203/203/203 204/204/204
f 173/173/173 204/204/204 174/174/174
f 174/174/174 204/204/204 205/205/205
f 174/174/174 205/205/205 175/175/175
f 175/175/175 205/205/205 176/176/176
f 205/205/205 206/206/206 176/176/176
f 176/176/176 206/206/206 177/177/177
f 206/206/206 207/207/207 177/177/177
f 177/177/177 207/207/207 178/178/178
f 207/207/207 208/208/208 178/178/178
f 178/178/178 208/208/208 209/209/209
f 178/178/178 209/209/209 179/179/179
f 179/179/179 209/209/209 210/210/210
f 179/179/179 210/210/210 180/180/180
f 180/180/180 210/210/210 181/181/181
f 210/210/210 211/211/211 181/181/181
f 181/181/181 211/211/211 212/212/212
f 181/181/181 212/212/212 182/182/182
f 182/182/182 212/212/212 183/183/183
f 212/212/212 213/213/213 183/183/183
f 183/183/183 213/213/213 184/184/184
f 213/213/213 214/214/214 184/184/184
f 184/184/184 214/214/214 13/13/13
f 184/184/184 13/13/13 11/11/11
f 185/185/185 215/215/215 216/216/216
f 185/185/185 216/216/216 186/186/186
f 186/186/186 216/216/216 217/217/217
f 186/186/186 217/217/217 187/187/187
f 187/187/187 217/217/217 218/218/218
f 187/187/187 218/218/218 188/188/188
f 188/188/188 218/218/218 189/189/189
f 218/218/218 219/219/219 189/189/189
f 189/189/189 219/219/219 220/220/220
f 189/189/189 220/220/220 190/190/190
f 190/190/190 220/220/220 221/221/221
f 190/190/190 221/221/221 191/191/191
f 191/191/191 221/221/221 192/192/192
f 221/221/221 222/222/222 192/192/192
f 192/192/192 222/222/222 193/193/193
f 222/222/222 223/223/223 193/193/193
f 193/193/193 223/223/223 194/194/194
f 223/223/223 224/224/224 194/194/194
f 194/194/194 224/224/224 195/195/195
f 224/224/224 225/225/225 195/195/195
f 195/195/195 225/225/225 196/196/196
f 225/225/225 226/226/226 196/196/196
f 196/196/196 226/226/226 197/197/197
f 226/226/226 227/227/227 197/197/197
f 197/197/197 227/227/227 198/198/198
f 227/227/227 228/228/228 198/198/198
f 198/198/198 228/228/228 229/229/229
f 198/198/198 229/229/229 199/199/199
f 199/199/199 229/229/229 200/200/200
f 229/229/229 230/230/230 200/200/200
f 200/200/200 230/230/230 201/201/201
f 230/230/230 231/231/231 201/201/201
f 201/201/201 231/231/231 232/232/232
f 201/201/201 232/232/232 202/202/202
f 202/202/202 232/232/232 233/233/233
f 202/202/202 233/233/233 203/203/203
f 203/203/203 233/233/233 234/234/234
f 203/203/203 234/234/234 204/204/204
f 204/204/204 234/234/234 205/205/205
f 234/234/234 235/235/235 205/205/205
f 205/205/205 235/235/235 206/206/206
f 235/235/235 236/236/236 206/206/206
f 206/206/206 236/236/236 237/237/237
f 206/206/206 237/237/237 207/207/207
f 207/207/207 237/237/237 208/208/208
f 237/237/237 238/238/238 208/208/208
f 208/208/208 238/238/238 239/239/239
f 208/208/208 239/239/239 209/209/209
f 209/209/209 239/239/239 240/240/240
f 209/209/209 240/240/240 210/210/210
f 210/210/210 240/240/240 211/211/211
f 240/240/240 241/241/241 211/211/211
f 211/211/211 241/241/241 242/242/242
f 211/211/211 242/242/242 212/212/212
f 212/212/212 242/242/242 243/243/243
f 212/212/212 243/243/243 213/213/213
f 213/213/213 243/243/243 214/214/214
f 243/243/243 244/244/244 214/214/214
f 214/214/214 244/244/244 13/13/13
f 244/244/244 15/15/15 13/13/13
f 215/215/215 245/245/245 246/246/246
f 215/215/215 246/246/246 216/216/216
f 216/216/216 246/246/246 247/247/247
f 216/216/216 247/247/247 217/217/217
f 217/217/217 247/247/247 218/218/218
f 247/247/247 248/248/248 218/218/218
f 218/218/218 248/248/248 249/249/249
f 218/218/218 249/249/249 219/219/219
f 219/219/219 249/249/249 250/250/250
f 219/219/219 250/250/250 220/220/220
f 220/220/220 250/250/250 221/221/221
f 250/250/250 251/251/251 221/221/221
f 221/221/221 251/251/251 252/252/252
f 221/221/221 252/252/252 222/222/222
f 222/222/222 252/252/252 253/253/253
f 222/222/222 253/253/253 223/223/223
f 223/223/223 253/253/253 224/224/224
f 253/253/253 254/254/254 224/224/224
f 224/224/224 254/254/254 225/225/225
f 254/254/254 255/255/255 225/225/225
f 225/225/225 255/255/255 256/256/256
f 225/225/225 256/256/256 226/226/226
f 226/226/226 256/256/256 257/257/257
f 226/226/226 257/257/257 227/227/227
f 227/227/227 257/257/257 228/228/228
f 257/257/257 258/258/258 228/228/228
f 228/228/228 258/258/258 229/229/229
f 258/258/258 259/259/259 229/229/229
f 229/229/229 259/259/259 230/230/230
f 259/259/259 260/260/260 230/230/230
f 230/230/230 260/260/260 261/261/261
f 230/230/230 261/261/261 231/231/231
f 231/231/231 261/261/261 262/262/262
f 231/231/231 262/262/262 232/232/232
f 232/232/232 262/262/262 233/233/233
f 262/262/262 263/263/263 233/233/233
f 233/233/233 263/263/263 234/234/234
f 263/263/263 264/264/264 234/234/234
f 234/234/234 264/264/264 235/235/235
f 264/264/264 265/265/265 235/235/235
f 235/235/235 265/265/265 236/236/236
f 265/265/265 266/266/266 236/236/236
f 236/236/236 266/266/266 267/267/267
f 236/236/236 267/267/267 237/237/237
f 237/237/237 267/267/267 238/238/238
f 267/267/267 268/268/268 238/238/238
f 238/238/238 268/268/268 269/269/269
f 238/238/238 269/269/269 239/239/239
f 239/239/239 269/269/269 270/270/270
f 239/239/239 270/270/270 240/240/240
f 240/240/240 270/270/270 271/271/271
f 240/240/240 271/271/271 241/241/241
f 241/241/241 271/271/271 242/242/242
f 271/271/271 272/272/272 242/242/242
f 242/242/242 272/272/272 243/243/243
f 272/272/272 273/273/273 243/243/243
f 243/243/243 273/273/273 274/274/274
f 243/243/243 274/274/274 244/244/244
f 244/244/244 274/274/274 17/17/17
f 244/244/244 17/17/17 15/15/15
f 245/245/245 275/275/275 276/276/276
f 245/245/245 276/276/276 246/246/246
f 246/246/246 276/276/276 277/277/277
f 246/246/246 277/277/277 247/247/247
f 247/247/247 277/277/277 278/278/278
f 247/247/247 278/278/278 248/248/248
f 248/248/248 278/278/278 279/279/279
f 248/248/248 279/279/279 249/249/249
f 249/249/249 279/279/279 280/280/280
f 249/249/249 280/280/280 250/250/250
f 250/250/250 280/280/280 281/281/281
f 250/250/250 281/281/281 251/251/251
f 251/251/251 281/281/281 282/282/282
f 251/251/251 282/282/282 252/252/252
f 252/252/252 282/282/282 283/283/283
f 252/252/252 283/283/283 253/253/253
f 253/253/253 283/283/283 284/284/284
f 253/253/253 284/284/284 254/254/254
f 254/254/254 284/284/284 285/285/285
f 254/254/254 285/285/285 255/255/255
f 255/255/255 285/285/285 286/286/286
f 255/255/255 286/286/286 256/256/256
f 256/256/256 286/286/286 287/287/287
f 256/256/256 287/287/287 257/257/257
f 257/257/257 287/287/287 288/288/288
f 257/257/257 288/288/288 258/258/258
f 258/258/258 288/288/288 289/289/289
f 258/258/258 289/289/289 259/259/259
f 259/259/259 289/289/289 260/260/260
f 289/289/289 290/290/290 260/260/260
f 260/260/260 290/290/290 261/261/261
f 290/290/290 291/291/291 261/261/261
f 261/261/261 291/291/291 292/292/292
f 261/261/261 292/292/292 262/262/262
f 262/262/262 292/292/292 293/293/293
f 262/262/262 293/293/293 263/263/263
f 263/263/263 293/293/293 294/294/294
f 263/263/263 294/294/294 264/264/264
f 264/264/264 294/294/294 265/265/265
f 294/294/294 295/295/295 265/265/265
f 265/265/265 295/295/295 266/266/266
f 295/295/295 296/296/296 266/266/266
f 266/266/266 296/296/296 267/267/267
f 296/296/296 297/297/297 267/267/267
f 267/267/267 297/297/297 268/268/268
f 297/297/297 298/298/298 268/268/268
f 268/268/268 298/298/298 269/269/269
f 298/298/298 299/299/299 269/269/269
f 269/269/269 299/299/299 300/300/300
f 269/269/269 300/300/300 270/270/270
f 270/270/270 300/300/300 301/301/301
f 270/270/270 301/301/301 271/271/271
f 271/271/271 301/301/301 302/302/302
f 271/271/271 302/302/302 272/272/272
f 272/272/272 302/302/302 303/303/303
f 272/272/272 303/303/303 273/273/273
f 273/273/273 303/303/303 304/304/304
f 273/273/273 304/304/304 274/274/274
f 274/274/274 304/304/304 19/19/19
f 274/274/274 19/19/19 17/17/17
f 275/275/275 305/305/305 306/306/306
f 275/275/275 306/306/306 276/276/276
f 276/276/276 306/306/306 277/277/277
f 306/306/306 307/307/307 277/277/277
f 277/277/277 307/307/307 308/308/308
f 277/277/277 308/308/308 278/278/278
f 278/278/278 308/308/308 279/279/279
f 308/308/308 309/309/309 279/279/279
f 279/279/279 309/309/309 310/310/310
f 279/279/279 310/310/310 280/280/280
f 280/280/280 310/310/310 311/311/311
f 280/280/280 311/311/311 281/281/281
f 281/281/281 311/311/311 282/282/282
f 311/311/311 312/312/312 282/282/282
f 282/282/282 312/312/312 313/313/313
f 282/282/282 313/313/313 283/283/283
f 283/283/283 313/313/313 314/314/314
f 283/283/283 314/314/314 284/284/284
f 284/284/284 314/314/314 285/285/285
f 314/314/314 315/315/315 285/285/285
f 285/285/285 315/315/315 316/316/316
f 285/285/285 316/316/316 286/286/286
f 286/286/286 316/316/316 317/317/317
f 286/286/286 317/317/317 287/287/287
f 287/287/287 317/317/317 318/318/318
f 287/287/287 318/318/318 288/288/288
f 288/288/288 318/318/318 319/319/319
f 288/288/288 319/319/319 289/289/289
f 289/289/289 319/319/319 320/320/320
f 289/289/289 320/320/320 290/290/290
f 290/290/290 320/320/320 291/291/291
f 320/320/320 321/321/321 291/291/291
f 291/291/291 321/321/321 322/322/322
f 291/291/291 322/322/322 292/292/292
f 292/292/292 322/322/322 323/323/323
f 292/292/292 323/323/323 293/293/293
f 293/293/293 323/323/323 294/294/294
f 323/323/323 324/324/324 294/294/294
f 294/294/294 324/324/324 295/295/295
f 324/324/324 325/325/325 295/295/295
f 295/295/295 325/325/325 296/296/296
f 325/325/325 326/326/326 296/296/296
f 296/296/296 326/326/326 297/297/297
f 326/326/326 327/327/327 297/297/297
f 297/297/297 327/327/327 298/298/298
f 327/327/327 328/328/328 298/298/298
f 298/298/298 328/328/328 329/329/329
f 298/298/298 329/329/329 299/299/299
f 299/299/299 329/329/329 330/330/330
f 299/299/299 330/330/330 300/300/300
f 300/300/300 330/330/330 331/331/331
f 300/300/300 331/331/331 301/301/301
f 301/301/301 331/331/331 332/332/332
f 301/301/301 332/332/332 302/302/302
f 302/302/302 332/332/332 333/333/333
f 302/302/302 333/333/333 303/303/303
f 303/303/303 333/333/333 334/334/334
f 303/303/303 334/334/334 304/304/304
f 304/304/304 334/334/334 21/21/21
f 304/304/304 21/21/21 19/19/19
f 305/305/305 335/335/335 336/336/336
f 305/305/305 336/336/336 306/306/306
f 306/306/306 336/336/336 307/307/307
f 336/336/336 337/337/337 307/307/307
f 307/307/307 337/337/337 308/308/308
f 337/337/337 338/338/338 308/308/308
f 308/308/308 338/338/338 309/309/309
f 338/338/338 339/339/339 309/309/309
f 309/309/309 339/339/339 310/310/310
f 339/339/339 340/340/340 310/310/310
f 310/310/310 340/340/340 341/341/341
f 310/310/310 341/341/341 311/311/311
f 311/311/311 341/341/341 342/342/342
f 311/311/311 342/342/342 312/312/312
f 312/312/312 342/342/342 313/313/313
f 342/342/342 343/343/343 313/313/313
f 313/313/313 343/343/343 314/314/314
f 343/343/343 344/344/344 314/314/314
f 314/314/314 344/344/344 315/315/315
f 344/344/344 345/345/345 315/315/315
f 315/315/315 345/345/345 346/346/346
f 315/315/315 346/346/346 316/316/316
f 316/316/316 346/346/346 347/347/347
f 316/316/316 347/347/347 317/317/317
f 317/317/317 347/347/347 318/318/318
f 347/347/347 348/348/348 318/318/318
f 318/318/318 348/348/348 349/349/349
f 318/318/318 349/349/349 319/319/319
f 319/319/319 349/349/349 320/320/320
f 349/349/349 350/350/350 320/320/320
f 320/320/320 350/350/350 351/351/351
f 320/320/320 351/351/351 321/321/321
f 321/321/321 351/351/351 352/352/352
f 321/321/321 352/352/352 322/322/322
f 322/322/322 352/352/352 323/323/323
f 352/352/352 353/353/353 323/323/323
f 323/323/323 353/353/353 324/324/324
f 353/353/353 354/354/354 324/324/324
f 324/324/324 354/354/354 355/355/355
f 324/324/324 355/355/355 325/325/325
f 325/325/325 355/355/355 356/356/356
f 325/325/325 356/356/356 326/326/326
f 326/326/326 356/356/356 357/357/357
f 326/326/326 357/357/357 327/327/327
f 327/327/327 357/357/357 328/328/328
f 357/357/357 358/358/358 328/328/328
f 328/328/328 358/358/358 359/359/359
f 328/328/328 359/359/359 329/329/329
f 329/329/329 359/359/359 360/360/360
f 329/329/329 360/360/360 330/330/330
f 330/330/330 360/360/360 331/331/331
f 360/360/360 361/361/361 331/331/331
f 331/331/331 361/361/361 362/362/362
f 331/331/331 362/362/362 332/332/332
f 332/332/332 362/362/362 333/333/333
f 362/362/362 363/363/363 333/333/333
f 333/333/333 363/363/363 334/334/334
f 363/363/363 364/364/364 334/334/334
f 334/334/334 364/364/364 23/23/23
f 334/334/334 23/23/23 21/21/21
f 335/335/335 365/365/365 336/336/336
f 365/365/365 366/366/366 336/336/336
f 336/336/336 366/366/366 337/337/337
f 366/366/366 367/367/367 337/337/337
f 337/337/337 367/367/367 338/338/338
f 367/367/367 368/368/368 338/338/338
f 338/338/338 368/368/368 369/369/369
f 338/338/338 369/369/369 339/339/339
f 339/339/339 369/369/369 340/340/340
f 369/369/369 370/370/370 340/340/340
f 340/340/340 370/370/370 341/341/341
f 370/370/370 371/371/371 341/341/341
f 341/341/341 371/371/371 342/342/342
f 371/371/371 372/372/372 342/342/342
f 342/342/342 372/372/372 343/343/343
f 372/372/372 373/373/373 343/343/343
f 343/343/343 373/373/373 344/344/344
f 373/373/373 374/374/374 344/344/344
f 344/344/344 374/374/374 345/345/345
f 374/374/374 375/375/375 345/345/345
f 345/345/345 375/375/375 376/376/376
f 345/345/345 376/376/376 346/346/346
f 346/346/346 376/376/376 377/377/377
f 346/346/346 377/377/377 347/347/347
f 347/347/347 377/377/377 378/378/378
f 347/347/347 378/378/378 348/348/348
f 348/348/348 378/378/378 349/349/349
f 378/378/378 379/379/379 349/349/349
f 349/349/349 379/379/379 350/350/350
f 379/379/379 380/380/380 350/350/350
f 350/350/350 380/380/380 351/351/351
f 380/380/380 381/381/381 351/351/351
f 351/351/351 381/381/381 352/352/352
f 381/381/381 382/382/382 352/352/352
f 352/352/352 382/382/382 383/383/383
f 352/352/352 383/383/383 353/353/353
f 353/353/353 383/383/383 384/384/384
f 353/353/353 384/384/384 354/354/354
f 354/354/354 384/384/384 385/385/385
f 354/354/354 385/385/385 355/355/355
f 355/355/355 385/385/385 386/386/386
f 355/355/355 386/386/386 356/356/356
f 356/356/356 386/386/386 357/357/357
f 386/386/386 387/387/387 357/357/357
f 357/357/357 387/387/387 388/388/388
f 357/357/357 388/388/388 358/358/358
f 358/358/358 388/388/388 389/389/389
f 358/358/358 389/389/389 359/359/359
f 359/359/359 389/389/389 390/390/390
f 359/359/359 390/390/390 360/360/360
f 360/360/360 390/390/390 361/361/361
f 390/390/390 391/391/391 361/361/361
f 361/361/361 391/391/391 362/362/362
f 391/391/391 392/392/392 362/362/362
f 362/362/362 392/392/392 393/393/393
f 362/362/362 393/393/393 363/363/363
f 363/363/363 393/393/393 364/364/364
f 393/393/393 394/394/394 364/364/364
f 364/364/364 394/394/394 25/25/25
f 364/364/364 25/25/25 23/23/23
f 365/365/365 395/395/395 396/396/396
f 365/365/365 396/396/396 366/366/366
f 366/366/366 396/396/396 397/397/397
f 366/366/366 397/397/397 367/367/367
f 367/367/367 397/397/397 368/368/368
f 397/397/397 398/398/398 368/368/368
f 368/368/368 398/398/398 369/369/369
f 398/398/398 399/399/399 369/369/369
f 369/369/369 399/399/399 400/400/400
f 369/369/369 400/400/400 370/370/370
f 370/370/370 400/400/400 401/401/401
f 370/370/370 401/401/401 371/371/371
f 371/371/371 401/401/401 402/402/402
f 371/371/371 402/402/402 372/372/372
f 372/372/372 402/402/402 373/373/373
f 402/402/402 403/403/403 373/373/373
f 373/373/373 403/403/403 374/374/374
f 403/403/403 404/404/404 374/374/374
f 374/374/374 404/404/404 375/375/375
f 404/404/404 405/405/405 375/375/375
f 375/375/375 405/405/405 376/376/376
f 405/405/405 406/406/406 376/376/376
f 376/376/376 406/406/406 377/377/377
f 406/406/406 407/407/407 377/377/377
f 377/377/377 407/407/407 408/408/408
f 377/377/377 408/408/408 378/378/378
f 378/378/378 408/408/408 409/409/409
f 378/378/378 409/409/409 379/379/379
f 379/379/379 409/409/409 410/410/410
f 379/379/379 410/410/410 380/380/380
f 380/380/380 410/410/410 411/411/411
f 380/380/380 411/411/411 381/381/381
f 381/381/381 411/411/411 412/412/412
f 381/381/381 412/412/412 382/382/382
f 382/382/382 412/412/412 413/413/413
f 382/382/382 413/413/413 383/383/383
f 383/383/383 413/413/413 384/384/384
f 413/413/413 414/414/414 384/384/384
f 384/384/384 414/414/414 415/415/415
f 384/384/384 415/415/415 385/385/385
f 385/385/385 415/415/415 386/386/386
f 415/415/415 416/416/416 386/386/386
f 386/386/386 416/416/416 387/387/387
f 416/416/416 417/417/417 387/387/387
f 387/387/387 417/417/417 388/388/388
f 417/417/417 418/418/418 388/388/388
f 388/388/388 418/418/418 419/419/419
f 388/388/388 419/419/419 389/389/389
f 389/389/389 419/419/419 390/390/390
f 419/419/419 420/420/420 390/390/390
f 390/390/390 420/420/420 421/421/421
f 390/390/390 421/421/421 391/391/391
f 391/391/391 421/421/421 422/422/422
f 391/391/391 422/422/422 392/392/392
f 392/392/392 422/422/422 393/393/393
f 422/422/422 423/423/423 393/393/393
f 393/393/393 423/423/423 394/394/394
f 423/423/423 424/424/424 394/394/394
f 394/394/394 424/424/424 27/27/27
f 394/394/394 27/27/27 25/25/25
f 395/395/395 425/425/425 426/426/426
f 395/395/395 426/426/426 396/396/396
f 396/396/396 426/426/426 397/397/397
f 426/426/426 427/427/427 397/397/397
f 397/397/397 427/427/427 398/398/398
f 427/427/427 428/428/428 398/398/398
f 398/398/398 428/428/428 399/399/399
f 428/428/428 429/429/429 399/399/399
f 399/399/399 429/429/429 400/400/400
f 429/429/429 430/430/430 400/400/400
f 400/400/400 430/430/430 431/431/431
f 400/400/400 431/431/431 401/401/401
f 401/401/401 431/431/431 432/432/432
f 401/401/401 432/432/432 402/402/402
f 402/402/402 432/432/432 403/403/403
f 432/432/432 433/433/433 403/403/403
f 403/403/403 433/433/433 404/404/404
f 433/433/433 434/434/434 404/404/404
f 404/404/404 434/434/434 405/405/405
f 434/434/434 435/435/435 405/405/405
f 405/405/405 435/435/435 406/406/406
f 435/435/435 436/436/436 406/406/406
f 406/406/406 436/436/436 407/407/407
f 436/436/436 437/437/437 407/407/407
f 407/407/407 437/437/437 408/408/408
f 437/437/437 438/438/438 408/408/408
f 408/408/408 438/438/438 409/409/409
f 438/438/438 439/439/439 409/409/409
f 409/409/409 439/439/439 440/440/440
f 409/409/409 440/440/440 410/410/410
f 410/410/410 440/440/440 441/441/441
f 410/410/410 441/441/441 411/411/411
f 411/411/411 441/441/441 442/442/442
f 411/411/411 442/442/442 412/412/412
f 412/412/412 442/442/442 443/443/443
f 412/412/412 443/443/443 413/413/413
f 413/413/413 443/443/443 414/414/414
f 443/443/443 444/444/444 414/414/414
f 414/414/414 444/444/444 415/415/415
f 444/444/444 445/445/445 415/415/415
f 415/415/415 445/445/445 416/416/416
f 445/445/445 446/446/446 416/416/416
f 416/416/416 446/446/446 417/417/417
f 446/446/446 447/447/447 417/417/417
f 417/417/417 447/447/447 418/418/418
f 447/447/447 448/448/448 418/418/418
f 418/418/418 448/448/448 419/419/419
f 448/448/448 449/449/449 419/419/419
f 419/419/419 449/449/449 450/450/450
f 419/419/419 450/450/450 420/420/420
f 420/420/420 450/450/450 451/451/451
f 420/420/420 451/451/451 421/421/421
f 421/421/421 451/451/451 452/452/452
f 421/421/421 452/452/452 422/422/422
f 422/422/422 452/452/452 453/453/453
f 422/422/422 453/453/453 423/423/423
f 423/423/423 453/453/453 424/424/424
f 453/453/453 454/454/454 424/424/424
f 424/424/424 454/454/454 29/29/29
f 424/424/424 29/29/29 27/27/27
f 425/425/425 455/455/455 426/426/426
f 455/455/455 456/456/456 426/426/426
f 426/426/426 456/456/456 457/457/457
f 426/426/426 457/457/457 427/427/427
f 427/427/427 457/457/457 458/458/458
f 427/427/427 458/458/458 428/428/428
f 428/428/428 458/458/458 459/459/459
f 428/428/428 459/459/459 429/429/429
f 429/429/429 459/459/459 430/430/430
f 459/459/459 460/460/460 430/430/430
f 430/430/430 460/460/460 461/461/461
f 430/430/430 461/461/461 431/431/431
f 431/431/431 461/461/461 462/462/462
f 431/431/431 462/462/462 432/432/432
f 432/432/432 462/462/462 433/433/433
f 462/462/462 463/463/463 433/433/433
f 433/433/433 463/463/463 464/464/464
f 433/433/433 464/464/464 434/434/434
f 434/434/434 464/464/464 435/435/435
f 464/464/464 465/465/465 435/435/435
f 435/435/435 465/465/465 436/436/436
f 465/465/465 466/466/466 436/436/436
f 436/436/436 466/466/466 467/467/467
f 436/436/436 467/467/467 437/437/437
f 437/437/437 467/467/467 468/468/468
f 437/437/437 468/468/468 438/438/438
f 438/438/438 468/468/468 439/439/439
f 468/468/468 469/469/469 439/439/439
f 439/439/439 469/469/469 440/440/440
f 469/469/469 470/470/470 440/440/440
f 440/440/440 470/470/470 441/441/441
f 470/470/470 471/471/471 441/441/441
f 441/441/441 471/471/471 442/442/442
f 471/471/471 472/472/472 442/442/442
f 442/442/442 472/472/472 443/443/443
f 472/472/472 473/473/473 443/443/443
f 443/443/443 473/473/473 444/444/444
f 473/473/473 474/474/474 444/444/444
f 444/444/444 474/474/474 475/475/475
f 444/444/444 475/475/475 445/445/445
f 445/445/445 475/475/475 476/476/476
f 445/445/445 476/476/476 446/446/446
f 446/446/446 476/476/476 447/447/447
f 476/476/476 477/477/477 447/447/447
f 447/447/447 477/477/477 448/448/448
f 477/477/477 478/478/478 448/448/448
f 448/448/448 478/478/478 449/449/449
f 478/478/478 479/479/479 449/449/449
f 449/449/449 479/479/479 450/450/450
f 479/479/479 480/480/480 450/450/450
f 450/450/450 480/480/480 451/451/451
f 480/480/480 481/481/481 451/451/451
f 451/451/451 481/481/481 452/452/452
f 481/481/481 482/482/482 452/452/452
f 452/452/452 482/482/482 483/483/483
f 452/452/452 483/483/483 453/453/453
f 453/453/453 483/483/483 484/484/484
f 453/453/453 484/484/484 454/454/454
f 454/454/454 484/484/484 31/31/31
f 454/454/454 31/31/31 29/29/29
f 455/455/455 485/485/485 486/486/486
f 455/455/455 486/486/486 456/456/456
f 456/456/456 486/486/486 487/487/487
f 456/456/456 487/487/487 457/457/457
f 457/457/457 487/487/487 488/488/488
f 457/457/457 488/488/488 458/458/458
f 458/458/458 488/488/488 489/489/489
f 458/458/458 489/489/489 459/459/459
f 459/459/459 489/489/489 490/490/490
f 459/459/459 490/490/490 460/460/460
f 460/460/460 490/490/490 491/491/491
f 460/460/460 491/491/491 461/461/461
f 461/461/461 491/491/491 492/492/492
f 461/461/461 492/492/492 462/462/462
f 462/462/462 492/492/492 463/463/463
f 492/492/492 493/493/493 463/463/463
f 463/463/463 493/493/493 494/494/494
f 463/463/463 494/494/494 464/464/464
f 464/464/464 494/494/494 495/495/495
f 464/464/464 495/495/495 465/465/465
f 465/465/465 495/495/495 496/496/496
f 465/465/465 496/496/496 466/466/466
f 466/466/466 496/496/496 497/497/497
f 466/466/466 497/497/497 467/467/467
f 467/467/467 497/497/497 498/498/498
f 467/467/467 498/498/498 468/468/468
f 468/468/468 498/498/498 469/469/469
f 498/498/498 499/499/499 469/469/469
f 469/469/469 499/499/499 500/500/500
f 469/469/469 500/500/500 470/470/470
f 470/470/470 500/500/500 501/501/501
f 470/470/470 501/501/501 471/471/471
f 471/471/471 501/501/501 502/502/502
f 471/471/471 502/502/502 472/472/472
f 472/472/472 502/502/502 473/473/473
f 502/502/502 503/503/503 473/473/473
f 473/473/473 503/503/503 474/474/474
f 503/503/503 504/504/504 474/474/474
f 474/474/474 504/504/504 475/475/475
f 504/504/504 505/505/505 475/475/475
f 475/475/475 505/505/505 476/476/476
f 505/505/505 506/506/506 476/476/476
f 476/476/476 506/506/506 477/477/477
f 506/506/506 507/507/507 477/477/477
f 477/477/477 507/507/507 478/478/478
f 507/507/507 508/508/508 478/478/478
f 478/478/478 508/508/508 479/479/479
f 508/508/508 509/509/509 479/479/479
f 479/479/479 509/509/509 510/510/510
f 479/479/479 510/510/510 480/480/480
f 480/480/480 510/510/510 481/481/481
f 510/510/510 511/511/511 481/481/481
f 481/481/481 511/511/511 482/482/482
f 511/511/511 512/512/512 482/482/482
f 482/482/482 512/512/512 483/483/483
f 512/512/512 513/513/513 483/483/483
f 483/483/483 513/513/513 514/514/514
f 483/483/483 514/514/514 484/484/484
f 484/484/484 514/514/514 33/33/33
f 484/484/484 33/33/33 31/31/31
f 485/485/485 515/515/515 516/516/516
f 485/485/485 516/516/516 486/486/486
f 486/486/486 516/516/516 487/487/487
f 516/516/516 517/517/517 487/487/487
f 487/487/487 517/517/517 518/518/518
f 487/487/487 518/518/518 488/488/488
f 488/488/488 518/518/518 519/519/519
f 488/488/488 519/519/519 489/489/489
f 489/489/489 519/519/519 520/520/520
f 489/489/489 520/520/520 490/490/490
f 490/490/490 520/520/520 521/521/521
f 490/490/490 521/521/521 491/491/491
f 491/491/491 521/521/521 522/522/522
f 491/491/491 522/522/522 492/492/492
f 492/492/492 522/522/522 493/493/493
f 522/522/522 523/523/523 493/493/493
f 493/493/493 523/523/523 524/524/524
f 493/493/493 524/524/524 494/494/494
f 494/494/494 524/524/524 525/525/525
f 494/494/494 525/525/525 495/495/495
f 495/495/495 525/525/525 526/526/526
f 495/495/495 526/526/526 496/496/496
f 496/496/496 526/526/526 527/527/527
f 496/496/496 527/527/527 497/497/497
f 497/497/497 527/527/527 528/528/528
f 497/497/497 528/528/528 498/498/498
f 498/498/498 528/528/528 529/529/529
f 498/498/498 529/529/529 499/499/499
f 499/499/499 529/529/529 530/530/530
f 499/499/499 530/530/530 500/500/500
f 500/500/500 530/530/530 531/531/531
f 500/500/500 531/531/531 501/501/501
f 501/501/501 531/531/531 532/532/532
f 501/501/501 532/532/532 502/502/502
f 502/502/502 532/532/532 503/503/503
f 532/532/532 533/533/533 503/503/503
f 503/503/503 533/533/533 504/504/504
f 533/533/533 534/534/534 504/504/504
f 504/504/504 534/534/534 505/505/505
f 534/534/534 535/535/535 505/505/505
f 505/505/505 535/535/535 506/506/506
f 535/535/535 536/536/536 506/506/506
f 506/506/506 536/536/536 537/537/537
f 506/506/506 537/537/537 507/507/507
f 507/507/507 537/537/537 508/508/508
f 537/537/537 538/538/538 508/508/508
f 508/508/508 538/538/538 509/509/509
f 538/538/538 539/539/539 509/509/509
f 509/509/509 539/539/539 540/540/540
f 509/509/509 540/540/540 510/510/510
f 510/510/510 540/540/540 541/541/541
f 510/510/510 541/541/541 511/511/511
f 511/511/511 541/541/541 512/512/512
f 541/541/541 542/542/542 512/512/512
f 512/512/512 542/542/542 513/513/513
f 542/542/542 543/543/543 513/513/513
f 513/513/513 543/543/543 544/544/544
f 513/513/513 544/544/544 514/514/514
f 514/514/514 544/544/544 33/33/33
f 544/544/544 35/35/35 33/33/33
f 515/515/515 545/545/545 546/546/546
f 515/515/515 546/546/546 516/516/516
f 516/516/516 546/546/546 517/517/517
f 546/546/546 547/547/547 517/517/517
f 517/517/517 547/547/547 548/548/548
f 517/517/517 548/548/548 518/518/518
f 518/518/518 548/548/548 549/549/549
f 518/518/518 549/549/549 519/519/519
f 519/519/519 549/549/549 550/550/550
f 519/519/519 550/550/550 520/520/520
f 520/520/520 550/550/550 551/551/551
f 520/520/520 551/551/551 521/521/521
f 521/521/521 551/551/551 522/522/522
f 551/551/551 552/552/552 522/522/522
f 522/522/522 552/552/552 553/553/553
f 522/522/522 553/553/553 523/523/523
f 523/523/523 553/553/553 524/524/524
f 553/553/553 554/554/554 524/524/524
f 524/524/524 554/554/554 555/555/555
f 524/524/524 555/555/555 525/525/525
f 525/525/525 555/555/555 526/526/526
f 555/555/555 556/556/556 526/526/526
f 526/526/526 556/556/556 527/527/527
f 556/556/556 557/557/557 527/527/527
f 527/527/527 557/557/557 528/528/528
f 557/557/557 558/558/558 528/528/528
f 528/528/528 558/558/558 559/559/559
f 528/528/528 559/559/559 529/529/529
f 529/529/529 559/559/559 560/560/560
f 529/529/529 560/560/560 530/530/530
f 530/530/530 560/560/560 561/561/561
f 530/530/530 561/561/561 531/531/531
f 531/531/531 561/561/561 562/562/562
f 531/531/531 562/562/562 532/532/532
f 532/532/532 562/562/562 563/563/563
f 532/532/532 563/563/563 533/533/533
f 533/533/533 563/563/563 534/534/534
f 563/563/563 564/564/564 534/534/534
f 534/534/534 564/564/564 535/535/535
f 564/564/564 565/565/565 535/535/535
f 535/535/535 565/565/565 566/566/566
f 535/535/535 566/566/566 536/536/536
f 536/536/536 566/566/566 537/537/537
f 566/566/566 567/567/567 537/537/537
f 537/537/537 567/567/567 538/538/538
f 567/567/567 568/568/568 538/538/538
f 538/538/538 568/568/568 539/539/539
f 568/568/568 569/569/569 539/539/539
f 539/539/539 569/569/569 570/570/570
f 539/539/539 570/570/570 540/540/540
f 540/540/540 570/570/570 541/541/541
f 570/570/570 571/571/571 541/541/541
f 541/541/541 571/571/571 572/572/572
f 541/541/541 572/572/572 542/542/542
f 542/542/542 572/572/572 543/543/543
f 572/572/572 573/573/573 543/543/543
f 543/543/543 573/573/573 574/574/574
f 543/543/543 574/574/574 544/544/544
f 544/544/544 574/574/574 37/37/37
f 544/544/544 37/37/37 35/35/35
f 545/545/545 575/575/575 546/546/546
f 575/575/575 576/576/576 546/546/546
f 546/546/546 576/576/576 577/577/577
f 546/546/546 577/577/577 547/547/547
f 547/547/547 577/577/577 548/548/548
f 577/577/577 578/578/578 548/548/548
f 548/548/548 578/578/578 549/549/549
f 578/578/578 579/579/579 549/549/549
f 549/549/549 579/579/579 580/580/580
f 549/549/549 580/580/580 550/550/550
f 550/550/550 580/580/580 551/551/551
f 580/580/580 581/581/581 551/551/551
f 551/551/551 581/581/581 582/582/582
f 551/551/551 582/582/582 552/552/552
f 552/552/552 582/582/582 553/553/553
f 582/582/582 583/583/583 553/553/553
f 553/553/553 583/583/583 554/554/554
f 583/583/583 584/584/584 554/554/554
f 554/554/554 584/584/584 555/555/555
f 584/584/584 585/585/585 555/555/555
f 555/555/555 585/585/585 556/556/556
f 585/585/585 586/586/586 556/556/556
f 556/556/556 586/586/586 557/557/557
f 586/586/586 587/587/587 557/557/557
f 557/557/557 587/587/587 558/558/558
f 587/587/587 588/588/588 558/558/558
f 558/558/558 588/588/588 589/589/589
f 558/558/558 589/589/589 559/559/559
f 559/559/559 589/589/589 590/590/590
f 559/559/559 590/590/590 560/560/560
f 560/560/560 590/590/590 561/561/561
f 590/590/590 591/591/591 561/561/561
f 561/561/561 591/591/591 592/592/592
f 561/561/561 592/592/592 562/562/562
f 562/562/562 592/592/592 563/563/563
f 592/592/592 593/593/593 563/563/563
f 563/563/563 593/593/593 564/564/564
f 593/593/593 594/594/594 564/564/564
f 564/564/564 594/594/594 565/565/565
f 594/594/594 595/595/595 565/565/565
f 565/565/565 595/595/595 566/566/566
f 595/595/595 596/596/596 566/566/566
f 566/566/566 596/596/596 567/567/567
f 596/596/596 597/597/597 567/567/567
f 567/567/567 597/597/597 568/568/568
f 597/597/597 598/598/598 568/568/568
f 568/568/568 598/598/598 569/569/569
f 598/598/598 599/599/599 569/569/569
f 569/569/569 599/599/599 570/570/570
f 599/599/599 600/600/600 570/570/570
f 570/570/570 600/600/600 571/571/571
f 600/600/600 601/601/601 571/571/571
f 571/571/571 601/601/601 572/572/572
f 601/601/601 602/602/602 572/572/572
f 572/572/572 602/602/602 573/573/573
f 602/602/602 603/603/603 573/573/573
f 573/573/573 603/603/603 604/604/604
f 573/573/573 604/604/604 574/574/574
f 574/574/574 604/604/604 39/39/39
f 574/574/574 39/39/39 37/37/37
f 575/575/575 605/605/605 576/576/576
f 605/605/605 606/606/606 576/576/576
f 576/576/576 606/606/606 607/607/607
f 576/576/576 607/607/607 577/577/577
f 577/577/577 607/607/607 608/608/608
f 577/577/577 608/608/608 578/578/578
f 578/578/578 608/608/608 609/609/609
f 578/578/578 609/609/609 579/579/579
f 579/579/579 609/609/609 610/610/610
f 579/579/579 610/610/610 580/580/580
f 580/580/580 610/610/610 611/611/611
f 580/580/580 611/611/611 581/581/581
f 581/581/581 611/611/611 582/582/582
f 611/611/611 612/612/612 582/582/582
f 582/582/582 612/612/612 583/583/583
f 612/612/612 613/613/613 583/583/583
f 583/583/583 613/613/613 584/584/584
f 613/613/613 614/614/614 584/584/584
f 584/584/584 614/614/614 585/585/585
f 614/614/614 615/615/615 585/585/585
f 585/585/585 615/615/615 586/586/586
f 615/615/615 616/616/616 586/586/586
f 586/586/586 616/616/616 587/587/587
f 616/616/616 617/617/617 587/587/587
f 587/587/587 617/617/617 618/618/618
f 587/587/587 618/618/618 588/588/588
f 588/588/588 618/618/618 619/619/619
f 588/588/588 619/619/619 589/589/589
f 589/589/589 619/619/619 620/620/620
f 589/589/589 620/620/620 590/590/590
f 590/590/590 620/620/620 621/621/621
f 590/590/590 621/621/621 591/591/591
f 591/591/591 621/621/621 622/622/622
f 591/591/591 622/622/622 592/592/592
f 592/592/592 622/622/622 623/623/623
f 592/592/592 623/623/623 593/593/593
f 593/593/593 623/623/623 624/624/624
f 593/593/593 624/624/624 594/594/594
f 594/594/594 624/624/624 625/625/625
f 594/594/594 625/625/625 595/595/595
f 595/595/595 625/625/625 596/596/596
f 625/625/625 626/626/626 596/596/596
f 596/596/596 626/626/626 597/597/597
f 626/626/626 627/627/627 597/597/597
f 597/597/597 627/627/627 598/598/598
f 627/627/627 628/628/628 598/598/598
f 598/598/598 628/628/628 599/599/599
f 628/628/628 629/629/629 599/599/599
f 599/599/599 629/629/629 600/600/600
f 629/629/629 630/630/630 600/600/600
f 600/600/600 630/630/630 601/601/601
f 630/630/630 631/631/631 601/601/601
f 601/601/601 631/631/631 602/602/602
f 631/631/631 632/632/632 602/602/602
f 602/602/602 632/632/632 603/603/603
f 632/632/632 633/633/633 603/603/603
f 603/603/603 633/633/633 634/634/634
f 603/603/603 634/634/634 604/604/604
f 604/604/604 634/634/634 39/39/39
f 634/634/634 41/41/41 39/39/39
f 605/605/605 635/635/635 636/636/636
f 605/605/605 636/636/636 606/606/606
f 606/606/606 636/636/636 607/607/607
f 636/636/636 637/637/637 607/607/607
f 607/607/607 637/637/637 638/638/638
f 607/607/607 638/638/638 608/608/608
f 608/608/608 638/638/638 639/639/639
f 608/608/608 639/639/639 609/609/609
f 609/609/609 639/639/639 640/640/640
f 609/609/609 640/640/640 610/610/610
f 610/610/610 640/640/640 641/641/641
f 610/610/610 641/641/641 611/611/611
f 611/611/611 641/641/641 642/642/642
f 611/611/611 642/642/642 612/612/612
f 612/612/612 642/642/642 643/643/643
f 612/612/612 643/643/643 613/613/613
f 613/613/613 643/643/643 644/644/644
f 613/613/613 644/644/644 614/614/614
f 614/614/614 644/644/644 615/615/615
f 644/644/644 645/645/645 615/615/615
f 615/615/615 645/645/645 616/616/616
f 645/645/645 646/646/646 616/616/616
f 616/616/616 646/646/646 617/617/617
f 646/646/646 647/647/647 617/617/617
f 617/617/617 647/647/647 648/648/648
f 617/617/617 648/648/648 618/618/618
f 618/618/618 648/648/648 649/649/649
f 618/618/618 649/649/649 619/619/619
f 619/619/619 649/649/649 650/650/650
f 619/619/619 650/650/650 620/620/620
f 620/620/620 650/650/650 651/651/651
f 620/620/620 651/651/651 621/621/621
f 621/621/621 651/651/651 652/652/652
f 621/621/621 652/652/652 622/622/622
f 622/622/622 652/652/652 653/653/653
f 622/622/622 653/653/653 623/623/623
f 623/623/623 653/653/653 624/624/624
f 653/653/653 654/654/654 624/624/624
f 624/624/624 654/654/654 625/625/625
f 654/654/654 655/655/655 625/625/625
f 625/625/625 655/655/655 656/656/656
f 625/625/625 656/656/656 626/626/626
f 626/626/626 656/656/656 627/627/627
f 656/656/656 657/657/657 627/627/627
f 627/627/627 657/657/657 628/628/628
f 657/657/657 658/658/658 628/628/628
f 628/628/628 658/658/658 659/659/659
f 628/628/628 659/659/659 629/629/629
f 629/629/629 659/659/659 630/630/630
f 659/659/659 660/660/660 630/630/630
f 630/630/630 660/660/660 631/631/631
f 660/660/660 661/661/661 631/631/631
f 631/631/631 661/661/661 662/662/662
f 631/631/631 662/662/662 632/632/632
f 632/632/632 662/662/662 663/663/663
f 632/632/632 663/663/663 633/633/633
f 633/633/633 663/663/663 664/664/664
f 633/633/633 664/664/664 634/634/634
f 634/634/634 664/664/664 43/43/43
f 634/634/634 43/43/43 41/41/41
f 635/635/635 665/665/665 636/636/636
f 665/665/665 666/666/666 636/636/636
f 636/636/636 666/666/666 667/667/667
f 636/636/636 667/667/667 637/637/637
f 637/637/637 667/667/667 638/638/638
f 667/667/667 668/668/668 638/638/638
f 638/638/638 668/668/668 669/669/669
f 638/638/638 669/669/669 639/639/639
f 639/639/639 669/669/669 670/670/670
f 639/639/639 670/670/670 640/640/640
f 640/640/640 670/670/670 671/671/671
f 640/640/640 671/671/671 641/641/641
f 641/641/641 671/671/671 672/672/672
f 641/641/641 672/672/672 642/642/642
f 642/642/642 672/672/672 673/673/673
f 642/642/642 673/673/673 643/643/643
f 643/643/643 673/673/673 674/674/674
f 643/643/643 674/674/674 644/644/644
f 644/644/644 674/674/674 675/675/675
f 644/644/644 675/675/675 645/645/645
f 645/645/645 675/675/675 646/646/646
f 675/675/675 676/676/676 646/646/646
f 646/646/646 676/676/676 647/647/647
f 676/676/676 677/677/677 647/647/647
f 647/647/647 677/677/677 678/678/678
f 647/647/647 678/678/678 648/648/648
f 648/648/648 678/678/678 679/679/679
f 648/648/648 679/679/679 649/649/649
f 649/649/649 679/679/679 680/680/680
f 649/649/649 680/680/680 650/650/650
f 650/650/650 680/680/680 681/681/681
f 650/650/650 681/681/681 651/651/651
f 651/651/651 681/681/681 682/682/682
f 651/651/651 682/682/682 652/652/652
f 652/652/652 682/682/682 683/683/683
f 652/652/652 683/683/683 653/653/653
f 653/653/653 683/683/683 684/684/684
f 653/653/653 684/684/684 654/654/654
f 654/654/654 684/684/684 655/655/655
f 684/684/684 685/685/685 655/655/655
f 655/655/655 685/685/685 686/686/686
f 655/655/655 686/686/686 656/656/656
f 656/656/656 686/686/686 657/657/657
f 686/686/686 687/687/687 657/657/657
f 657/657/657 687/687/687 658/658/658
f 687/687/687 688/688/688 658/658/658
f 658/658/658 688/688/688 689/689/689
f 658/658/658 689/689/689 659/659/659
f 659/659/659 689/689/689 660/660/660
f 689/689/689 690/690/690 660/660/660
f 660/660/660 690/690/690 691/691/691
f 660/660/660 691/691/691 661/661/661
f 661/661/661 691/691/691 692/692/692
f 661/661/661 692/692/692 662/662/662
f 662/662/662 692/692/692 663/663/663
f 692/692/692 693/693/693 663/663/663
f 663/663/663 693/693/693 694/694/694
f 663/663/663 694/694/694 664/664/664
f 664/664/664 694/694/694 45/45/45
f 664/664/664 45/45/45 43/43/43
f 665/665/665 695/695/695 696/696/696
f 665/665/665 696/696/696 666/666/666
f 666/666/666 696/696/696 697/697/697
f 666/666/666 697/697/697 667/667/667
f 667/667/667 697/697/697 698/698/698
f 667/667/667 698/698/698 668/668/668
f 668/668/668 698/698/698 699/699/699
f 668/668/668 699/699/699 669/669/669
f 669/669/669 699/699/699 700/700/700
f 669/669/669 700/700/700 670/670/670
f 670/670/670 700/700/700 701/701/701
f 670/670/670 701/701/701 671/671/671
f 671/671/671 701/701/701 672/672/672
f 701/701/701 702/702/702 672/672/672
f 672/672/672 702/702/702 703/703/703
f 672/672/672 703/703/703 673/673/673
f 673/673/673 703/703/703 704/704/704
f 673/673/673 704/704/704 674/674/674
f 674/674/674 704/704/704 675/675/675
f 704/704/704 705/705/705 675/675/675
f 675/675/675 705/705/705 676/676/676
f 705/705/705 706/706/706 676/676/676
f 676/676/676 706/706/706 677/677/677
f 706/706/706 707/707/707 677/677/677
f 677/677/677 707/707/707 678/678/678
f 707/707/707 708/708/708 678/678/678
f 678/678/678 708/708/708 709/709/709
f 678/678/678 709/709/709 679/679/679
f 679/679/679 709/709/709 680/680/680
f 709/709/709 710/710/710 680/680/680
f 680/680/680 710/710/710 681/681/681
f 710/710/710 711/711/711 681/681/681
f 681/681/681 711/711/711 682/682/682
f 711/711/711 712/712/712 682/682/682
f 682/682/682 712/712/712 713/713/713
f 682/682/682 713/713/713 683/683/683
f 683/683/683 713/713/713 714/714/714
f 683/683/683 714/714/714 684/684/684
f 684/684/684 714/714/714 715/715/715
f 684/684/684 715/715/715 685/685/685
f 685/685/685 715/715/715 686/686/686
f 715/715/715 716/716/716 686/686/686
f 686/686/686 716/716/716 717/717/717
f 686/686/686 717/717/717 687/687/687
f 687/687/687 717/717/717 718/718/718
f 687/687/687 718/718/718 688/688/688
f 688/688/688 718/718/718 719/719/719
f 688/688/688 719/719/719 689/689/689
f 689/689/689 719/719/719 720/720/720
f 689/689/689 720/720/720 690/690/690
f 690/690/690 720/720/720 721/721/721
f 690/690/690 721/721/721 691/691/691
f 691/691/691 721/721/721 722/722/722
f 691/691/691 722/722/722 692/692/692
f 692/692/692 722/722/722 723/723/723
f 692/692/692 723/723/723 693/693/693
f 693/693/693 723/723/723 724/724/724
f 693/693/693 724/724/724 694/694/694
f 694/694/694 724/724/724 45/45/45
f 724/724/724 47/47/47 45/45/45
f 695/695/695 725/725/725 726/726/726
f 695/695/695 726/726/726 696/696/696
f 696/696/696 726/726/726 727/727/727
f 696/696/696 727/727/727 697/697/697
f 697/697/697 727/727/727 728/728/728
f 697/697/697 728/728/728 698/698/698
f 698/698/698 728/728/728 729/729/729
f 698/698/698 729/729/729 699/699/699
f 699/699/699 729/729/729 730/730/730
f 699/699/699 730/730/730 700/700/700
f 700/700/700 730/730/730 701/701/701
f 730/730/730 731/731/731 701/701/701
f 701/701/701 731/731/731 702/702/702
f 731/731/731 732/732/732 702/702/702
f 702/702/702 732/732/732 703/703/703
f 732/732/732 733/733/733 703/703/703
f 703/703/703 733/733/733 704/704/704
f 733/733/733 734/734/734 704/704/704
f 704/704/704 734/734/734 735/735/735
f 704/704/704 735/735/735 705/705/705
f 705/705/705 735/735/735 736/736/736
f 705/705/705 736/736/736 706/706/706
f 706/706/706 736/736/736 707/707/707
f 736/736/736 737/737/737 707/707/707
f 707/707/707 737/737/737 708/708/708
f 737/737/737 738/738/738 708/708/708
f 708/708/708 738/738/738 709/709/709
f 738/738/738 739/739/739 709/709/709
f 709/709/709 739/739/739 710/710/710
f 739/739/739 740/740/740 710/710/710
f 710/710/710 740/740/740 711/711/711
f 740/740/740 741/741/741 711/711/711
f 711/711/711 741/741/741 742/742/742
f 711/711/711 742/742/742 712/712/712
f 712/712/712 742/742/742 743/743/743
f 712/712/712 743/743/743 713/713/713
f 713/713/713 743/743/743 744/744/744
f 713/713/713 744/744/744 714/714/714
f 714/714/714 744/744/744 745/745/745
f 714/714/714 745/745/745 715/715/715
f 715/715/715 745/745/745 746/746/746
f 715/715/715 746/746/746 716/716/716
f 716/716/716 746/746/746 747/747/747
f 716/716/716 747/747/747 717/717/717
f 717/717/717 747/747/747 748/748/748
f 717/717/717 748/748/748 718/718/718
f 718/718/718 748/748/748 719/719/719
f 748/748/748 749/749/749 719/719/719
f 719/719/719 749/749/749 720/720/720
f 749/749/749 750/750/750 720/720/720
f 720/720/720 750/750/750 721/721/721
f 750/750/750 751/751/751 721/721/721
f 721/721/721 751/751/751 722/722/722
f 751/751/751 752/752/752 722/722/722
f 722/722/722 752/752/752 753/753/753
f 722/722/722 753/753/753 723/723/723
f 723/723/723 753/753/753 724/724/724
f 753/753/753 754/754/754 724/724/724
f 724/724/724 754/754/754 49/49/49
f 724/724/724 49/49/49 47/47/47
f 725/725/725 755/755/755 756/756/756
f 725/725/725 756/756/756 726/726/726
f 726/726/726 756/756/756 757/757/757
f 726/726/726 757/757/757 727/727/727
f 727/727/727 757/757/757 758/758/758
f 727/727/727 758/758/758 728/728/728
f 728/728/728 758/758/758 759/759/759
f 728/728/728 759/759/759 729/729/729
f 729/729/729 759/759/759 730/730/730
f 759/759/759 760/760/760 730/730/730
f 730/730/730 760/760/760 761/761/761
f 730/730/730 761/761/761 731/731/731
f 731/731/731 761/761/761 732/732/732
f 761/761/761 762/762/762 732/732/732
f 732/732/732 762/762/762 733/733/733
f 762/762/762 763/763/763 733/733/733
f 733/733/733 763/763/763 734/734/734
f 763/763/763 764/764/764 734/734/734
f 734/734/734 764/764/764 765/765/765
f 734/734/734 765/765/765 735/735/735
f 735/735/735 765/765/765 766/766/766
f 735/735/735 766/766/766 736/736/736
f 736/736/736 766/766/766 767/767/767
f 736/736/736 767/767/767 737/737/737
f 737/737/737 767/767/767 768/768/768
f 737/737/737 768/768/768 738/738/738
f 738/738/738 768/768/768 739/739/739
f 768/768/768 769/769/769 739/739/739
f 739/739/739 769/769/769 740/740/740
f 769/769/769 770/770/770 740/740/740
f 740/740/740 770/770/770 741/741/741
f 770/770/770 771/771/771 741/741/741
f 741/741/741 771/771/771 742/742/742
f 771/771/771 772/772/772 742/742/742
f 742/742/742 772/772/772 743/743/743
f 772/772/772 773/773/773 743/743/743
f 743/743/743 773/773/773 744/744/744
f 773/773/773 774/774/774 744/744/744
f 744/744/744 774/774/774 775/775/775
f 744/744/744 775/775/775 745/745/745
f 745/745/745 775/775/775 776/776/776
f 745/745/745 776/776/776 746/746/746
f 746/746/746 776/776/776 777/777/777
f 746/746/746 777/777/777 747/747/747
f 747/747/747 777/777/777 778/778/778
f 747/747/747 778/778/778 748/748/748
f 748/748/748 778/778/778 749/749/749
f 778/778/778 779/779/779 749/749/749
f 749/749/749 779/779/779 750/750/750
f 779/779/779 780/780/780 750/750/750
f 750/750/750 780/780/780 781/781/781
f 750/750/750 781/781/781 751/751/751
f 751/751/751 781/781/781 782/782/782
f 751/751/751 782/782/782 752/752/752
f 752/752/752 782/782/782 753/753/753
f 782/782/782 783/783/783 753/753/753
f 753/753/753 783/783/783 784/784/784
f 753/753/753 784/784/784 754/754/754
f 754/754/754 784/784/784 51/51/51
f 754/754/754 51/51/51 49/49/49
f 755/755/755 785/785/785 786/786/786
f 755/755/755 786/786/786 756/756/756
f 756/756/756 786/786/786 757/757/757
f 786/786/786 787/787/787 757/757/757
f 757/757/757 787/787/787 758/758/758
f 787/787/787 788/788/788 758/758/758
f 758/758/758 788/788/788 789/789/789
f 758/758/758 789/789/789 759/759/759
f 759/759/759 789/789/789 790/790/790
f 759/759/759 790/790/790 760/760/760
f 760/760/760 790/790/790 761/761/761
f 790/790/790 791/791/791 761/761/761
f 761/761/761 791/791/791 762/762/762
f 791/791/791 792/792/792 762/762/762
f 762/762/762 792/792/792 763/763/763
f 792/792/792 793/793/793 763/763/763
f 763/763/763 793/793/793 764/764/764
f 793/793/793 794/794/794 764/764/764
f 764/764/764 794/794/794 765/765/765
f 794/794/794 795/795/795 765/765/765
f 765/765/765 795/795/795 796/796/796
f 765/765/765 796/796/796 766/766/766
f 766/766/766 796/796/796 797/797/797
f 766/766/766 797/797/797 767/767/767
f 767/767/767 797/797/797 798/798/798
f 767/767/767 798/798/798 768/768/768
f 768/768/768 798/798/798 799/799/799
f 768/768/768 799/799/799 769/769/769
f 769/769/769 799/799/799 800/800/800
f 769/769/769 800/800/800 770/770/770
f 770/770/770 800/800/800 771/771/771
f 800/800/800 801/801/801 771/771/771
f 771/771/771 801/801/801 772/772/772
f 801/801/801 802/802/802 772/772/772
f 772/772/772 802/802/802 773/773/773
f 802/802/802 803/803/803 773/773/773
f 773/773/773 803/803/803 774/774/774
f 803/803/803 804/804/804 774/774/774
f 774/774/774 804/804/804 805/805/805
f 774/774/774 805/805/805 775/775/775
f 775/775/775 805/805/805 806/806/806
f 775/775/775 806/806/806 776/776/776
f 776/776/776 806/806/806 807/807/807
f 776/776/776 807/807/807 777/777/777
f 777/777/777 807/807/807 808/808/808
f 777/777/777 808/808/808 778/778/778
f 778/778/778 808/808/808 779/779/779
f 808/808/808 809/809/809 779/779/779
f 779/779/779 809/809/809 810/810/810
f 779/779/779 810/810/810 780/780/780
f 780/780/780 810/810/810 781/781/781
f 810/810/810 811/811/811 781/781/781
f 781/781/781 811/811/811 812/812/812
f 781/781/781 812/812/812 782/782/782
f 782/782/782 812/812/812 813/813/813
f 782/782/782 813/813/813 783/783/783
f 783/783/783 813/813/813 814/814/814
f 783/783/783 814/814/814 784/784/784
f 784/784/784 814/814/814 53/53/53
f 784/784/784 53/53/53 51/51/51
f 785/785/785 815/815/815 786/786/786
f 815/815/815 816/816/816 786/786/786
f 786/786/786 816/816/816 817/817/817
f 786/786/786 817/817/817 787/787/787
f 787/787/787 817/817/817 818/818/818
f 787/787/787 818/818/818 788/788/788
f 788/788/788 818/818/818 789/789/789
f 818/818/818 819/819/819 789/789/789
f 789/789/789 819/819/819 790/790/790
f 819/819/819 820/820/820 790/790/790
f 790/790/790 820/820/820 791/791/791
f 820/820/820 821/821/821 791/791/791
f 791/791/791 821/821/821 792/792/792
f 821/821/821 822/822/822 792/792/792
f 792/792/792 822/822/822 823/823/823
f 792/792/792 823/823/823 793/793/793
f 793/793/793 823/823/823 794/794/794
f 823/823/823 824/824/824 794/794/794
f 794/794/794 824/824/824 825/825/825
f 794/794/794 825/825/825 795/795/795
f 795/795/795 825/825/825 826/826/826
f 795/795/795 826/826/826 796/796/796
f 796/796/796 826/826/826 797/797/797
f 826/826/826 827/827/827 797/797/797
f 797/797/797 827/827/827 828/828/828
f 797/797/797 828/828/828 798/798/798
f 798/798/798 828/828/828 829/829/829
f 798/798/798 829/829/829 799/799/799
f 799/799/799 829/829/829 830/830/830
f 799/799/799 830/830/830 800/800/800
f 800/800/800 830/830/830 801/801/801
f 830/830/830 831/831/831 801/801/801
f 801/801/801 831/831/831 802/802/802
f 831/831/831 832/832/832 802/802/802
f 802/802/802 832/832/832 833/833/833
f 802/802/802 833/833/833 803/803/803
f 803/803/803 833/833/833 834/834/834
f 803/803/803 834/834/834 804/804/804
f 804/804/804 834/834/834 805/805/805
f 834/834/834 835/835/835 805/805/805
f 805/805/805 835/835/835 836/836/836
f 805/805/805 836/836/836 806/806/806
f 806/806/806 836/836/836 837/837/837
f 806/806/806 837/837/837 807/807/807
f 807/807/807 837/837/837 808/808/808
f 837/837/837 838/838/838 808/808/808
f 808/808/808 838/838/838 839/839/839
f 808/808/808 839/839/839 809/809/809
f 809/809/809 839/839/839 810/810/810
f 839/839/839 840/840/840 810/810/810
f 810/810/810 840/840/840 841/841/841
f 810/810/810 841/841/841 811/811/811
f 811/811/811 841/841/841 842/842/842
f 811/811/811 842/842/842 812/812/812
f 812/812/812 842/842/842 843/843/843
f 812/812/812 843/843/843 813/813/813
f 813/813/813 843/843/843 844/844/844
f 813/813/813 844/844/844 814/814/814
f 814/814/814 844/844/844 55/55/55
f 814/814/814 55/55/55 53/53/53
f 815/815/815 845/845/845 846/846/846
f 815/815/815 846/846/846 816/816/816
f 816/816/816 846/846/846 847/847/847
f 816/816/816 847/847/847 817/817/817
f 817/817/817 847/847/847 818/818/818
f 847/847/847 848/848/848 818/818/818
f 818/818/818 848/848/848 849/849/849
f 818/818/818 849/849/849 819/819/819
f 819/819/819 849/849/849 820/820/820
f 849/849/849 850/850/850 820/820/820
f 820/820/820 850/850/850 821/821/821
f 850/850/850 851/851/851 821/821/821
f 821/821/821 851/851/851 822/822/822
f 851/851/851 852/852/852 822/822/822
f 822/822/822 852/852/852 823/823/823
f 852/852/852 853/853/853 823/823/823
f 823/823/823 853/853/853 824/824/824
f 853/853/853 854/854/854 824/824/824
f 824/824/824 854/854/854 825/825/825
f 854/854/854 855/855/855 825/825/825
f 825/825/825 855/855/855 826/826/826
f 855/855/855 856/856/856 826/826/826
f 826/826/826 856/856/856 857/857/857
f 826/826/826 857/857/857 827/827/827
f 827/827/827 857/857/857 828/828/828
f 857/857/857 858/858/858 828/828/828
f 828/828/828 858/858/858 859/859/859
f 828/828/828 859/859/859 829/829/829
f 829/829/829 859/859/859 830/830/830
f 859/859/859 860/860/860 830/830/830
f 830/830/830 860/860/860 861/861/861
f 830/830/830 861/861/861 831/831/831
f 831/831/831 861/861/861 832/832/832
f 861/861/861 862/862/862 832/832/832
f 832/832/832 862/862/862 833/833/833
f 862/862/862 863/863/863 833/833/833
f 833/833/833 863/863/863 834/834/834
f 863/863/863 864/864/864 834/834/834
f 834/834/834 864/864/864 865/865/865
f 834/834/834 865/865/865 835/835/835
f 835/835/835 865/865/865 836/836/836
f 865/865/865 866/866/866 836/836/836
f 836/836/836 866/866/866 837/837/837
f 866/866/866 867/867/867 837/837/837
f 837/837/837 867/867/867 868/868/868
f 837/837/837 868/868/868 838/838/838
f 838/838/838 868/868/868 869/869/869
f 838/838/838 869/869/869 839/839/839
f 839/839/839 869/869/869 870/870/870
f 839/839/839 870/870/870 840/840/840
f 840/840/840 870/870/870 871/871/871
f 840/840/840 871/871/871 841/841/841
f 841/841/841 871/871/871 872/872/872
f 841/841/841 872/872/872 842/842/842
f 842/842/842 872/872/872 873/873/873
f 842/842/842 873/873/873 843/843/843
f 843/843/843 873/873/873 874/874/874
f 843/843/843 874/874/874 844/844/844
f 844/844/844 874/874/874 57/57/57
f 844/844/844 57/57/57 55/55/55
f 845/845/845 875/875/875 846/846/846
f 875/875/875 876/876/876 846/846/846
f 846/846/846 876/876/876 877/877/877
f 846/846/846 877/877/877 847/847/847
f 847/847/847 877/877/877 848/848/848
f 877/877/877 878/878/878 848/848/848
f 848/848/848 878/878/878 849/849/849
f 878/878/878 879/879/879 849/849/849
f 849/849/849 879/879/879 850/850/850
f 879/879/879 880/880/880 850/850/850
f 850/850/850 880/880/880 851/851/851
f 880/880/880 881/881/881 851/851/851
f 851/851/851 881/881/881 852/852/852
f 881/881/881 882/882/882 852/852/852
f 852/852/852 882/882/882 853/853/853
f 882/882/882 883/883/883 853/853/853
f 853/853/853 883/883/883 854/854/854
f 883/883/883 884/884/884 854/854/854
f 854/854/854 884/884/884 855/855/855
f 884/884/884 885/885/885 855/855/855
f 855/855/855 885/885/885 886/886/886
f 855/855/855 886/886/886 856/856/856
f 856/856/856 886/886/886 857/857/857
f 886/886/886 887/887/887 857/857/857
f 857/857/857 887/887/887 858/858/858
f 887/887/887 888/888/888 858/858/858
f 858/858/858 888/888/888 859/859/859
f 888/888/888 889/889/889 859/859/859
f 859/859/859 889/889/889 890/890/890
f 859/859/859 890/890/890 860/860/860
f 860/860/860 890/890/890 861/861/861
f 890/890/890 891/891/891 861/861/861
f 861/861/861 891/891/891 862/862/862
f 891/891/891 892/892/892 862/862/862
f 862/862/862 892/892/892 863/863/863
f 892/892/892 893/893/893 863/863/863
f 863/863/863 893/893/893 864/864/864
f 893/893/893 894/894/894 864/864/864
f 864/864/864 894/894/894 865/865/865
f 894/894/894 895/895/895 865/865/865
f 865/865/865 895/895/895 896/896/896
f 865/865/865 896/896/896 866/866/866
f 866/866/866 896/896/896 867/867/867
f 896/896/896 897/897/897 867/867/867
f 867/867/867 897/897/897 898/898/898
f 867/867/867 898/898/898 868/868/868
f 868/868/868 898/898/898 899/899/899
f 868/868/868 899/899/899 869/869/869
f 869/869/869 899/899/899 900/900/900
f 869/869/869 900/900/900 870/870/870
f 870/870/870 900/900/900 901/901/901
f 870/870/870 901/901/901 871/871/871
f 871/871/871 901/901/901 872/872/872
f 901/901/901 902/902/902 872/872/872
f 872/872/872 902/902/902 873/873/873
f 902/902/902 903/903/903 873/873/873
f 873/873/873 903/903/903 904/904/904
f 873/873/873 904/904/904 874/874/874
f 874/874/874 904/904/904 59/59/59
f 874/874/874 59/59/59 57/57/57
f 875/875/875 905/905/905 906/906/906
f 875/875/875 906/906/906 876/876/876
f 876/876/876 906/906/906 877/877/877
f 906/906/906 907/907/907 877/877/877
f 877/877/877 907/907/907 878/878/878
f 907/907/907 908/908/908 878/878/878
f 878/878/878 908/908/908 879/879/879
f 908/908/908 909/909/909 879/879/879
f 879/879/879 909/909/909 880/880/880
f 909/909/909 910/910/910 880/880/880
f 880/880/880 910/910/910 881/881/881
f 910/910/910 911/911/911 881/881/881
f 881/881/881 911/911/911 882/882/882
f 911/911/911 912/912/912 882/882/882
f 882/882/882 912/912/912 883/883/883
f 912/912/912 913/913/913 883/883/883
f 883/883/883 913/913/913 884/884/884
f 913/913/913 914/914/914 884/884/884
f 884/884/884 914/914/914 885/885/885
f 914/914/914 915/915/915 885/885/885
f 885/885/885 915/915/915 916/916/916
f 885/885/885 916/916/916 886/886/886
f 886/886/886 916/916/916 887/887/887
f 916/916/916 917/917/917 887/887/887
f 887/887/887 917/917/917 888/888/888
f 917/917/917 918/918/918 888/888/888
f 888/888/888 918/918/918 919/919/919
f 888/888/888 919/919/919 889/889/889
f 889/889/889 919/919/919 920/920/920
f 889/889/889 920/920/920 890/890/890
f 890/890/890 920/920/920 921/921/921
f 890/890/890 921/921/921 891/891/891
f 891/891/891 921/921/921 922/922/922
f 891/891/891 922/922/922 892/892/892
f 892/892/892 922/922/922 923/923/923
f 892/892/892 923/923/923 893/893/893
f 893/893/893 923/923/923 894/894/894
f 923/923/923 924/924/924 894/894/894
f 894/894/894 924/924/924 895/895/895
f 924/924/924 925/925/925 895/895/895
f 895/895/895 925/925/925 896/896/896
f 925/925/925 926/926/926 896/896/896
f 896/896/896 926/926/926 927/927/927
f 896/896/896 927/927/927 897/897/897
f 897/897/897 927/927/927 898/898/898
f 927/927/927 928/928/928 898/898/898
f 898/898/898 928/928/928 899/899/899
f 928/928/928 929/929/929 899/899/899
f 899/899/899 929/929/929 900/900/900
f 929/929/929 930/930/930 900/900/900
f 900/900/900 930/930/930 931/931/931
f 900/900/900 931/931/931 901/901/901
f 901/901/901 931/931/931 932/932/932
f 901/901/901 932/932/932 902/902/902
f 902/902/902 932/932/932 903/903/903
f 932/932/932 933/933/933 903/903/903
f 903/903/903 933/933/933 934/934/934
f 903/903/903 934/934/934 904/904/904
f 904/904/904 934/934/934 61/61/61
f 904/904/904 61/61/61 59/59/59
f 905/905/905 935/935/935 936/936/936
f 905/905/905 936/936/936 906/906/906
f 906/906/906 936/936/936 907/907/907
f 936/936/936 937/937/937 907/907/907
f 907/907/907 937/937/937 908/908/908
f 937/937/937 938/938/938 908/908/908
f 908/908/908 938/938/938 909/909/909
f 938/938/938 939/939/939 909/909/909
f 909/909/909 939/939/939 910/910/910
f 939/939/939 940/940/940 910/910/910
f 910/910/910 940/940/940 911/911/911
f 940/940/940 941/941/941 911/911/911
f 911/911/911 941/941/941 942/942/942
f 911/911/911 942/942/942 912/912/912
f 912/912/912 942/942/942 913/913/913
f 942/942/942 943/943/943 913/913/913
f 913/913/913 943/943/943 914/914/914
f 943/943/943 944/944/944 914/914/914
f 914/914/914 944/944/944 945/945/945
f 914/914/914 945/945/945 915/915/915
f 915/915/915 945/945/945 916/916/916
f 945/945/945 946/946/946 916/916/916
f 916/916/916 946/946/946 917/917/917
f 946/946/946 947/947/947 917/917/917
f 917/917/917 947/947/947 918/918/918
f 947/947/947 948/948/948 918/918/918
f 918/918/918 948/948/948 919/919/919
f 948/948/948 949/949/949 919/919/919
f 919/919/919 949/949/949 920/920/920
f 949/949/949 950/950/950 920/920/920
f 920/920/920 950/950/950 951/951/951
f 920/920/920 951/951/951 921/921/921
f 921/921/921 951/951/951 952/952/952
f 921/921/921 952/952/952 922/922/922
f 922/922/922 952/952/952 953/953/953
f 922/922/922 953/953/953 923/923/923
f 923/923/923 953/953/953 954/954/954
f 923/923/923 954/954/954 924/924/924
f 924/924/924 954/954/954 955/955/955
f 924/924/924 955/955/955 925/925/925
f 925/925/925 955/955/955 926/926/926
f 955/955/955 956/956/956 926/926/926
f 926/926/926 956/956/956 927/927/927
f 956/956/956 957/957/957 927/927/927
f 927/927/927 957/957/957 928/928/928
f 957/957/957 958/958/958 928/928/928
f 928/928/928 958/958/958 929/929/929
f 958/958/958 959/959/959 929/929/929
f 929/929/929 959/959/959 930/930/930
f 959/959/959 960/960/960 930/930/930
f 930/930/930 960/960/960 931/931/931
f 960/960/960 961/961/961 931/931/931
f 931/931/931 961/961/961 932/932/932
f 961/961/961 962/962/962 932/932/932
f 932/932/932 962/962/962 963/963/963
f 932/932/932 963/963/963 933/933/933
f 933/933/933 963/963/963 934/934/934
f 963/963/963 964/964/964 934/934/934
f 934/934/934 964/964/964 61/61/61
f 964/964/964 63/63/63 61/61/61
f 935/935/935 965/965/965 936/936/936
f 965/965/965 966/966/966 936/936/936
f 936/936/936 966/966/966 937/937/937
f 966/966/966 967/967/967 937/937/937
f 937/937/937 967/967/967 938/938/938
f 967/967/967 968/968/968 938/938/938
f 938/938/938 968/968/968 939/939/939
f 968/968/968 969/969/969 939/939/939
f 939/939/939 969/969/969 940/940/940
f 969/969/969 970/970/970 940/940/940
f 940/940/940 970/970/970 941/941/941
f 970/970/970 971/971/971 941/941/941
f 941/941/941 971/971/971 972/972/972
f 941/941/941 972/972/972 942/942/942
f 942/942/942 972/972/972 973/973/973
f 942/942/942 973/973/973 943/943/943
f 943/943/943 973/973/973 974/974/974
f 943/943/943 974/974/974 944/944/944
f 944/944/944 974/974/974 945/945/945
f 974/974/974 975/975/975 945/945/945
f 945/945/945 975/975/975 946/946/946
f 975/975/975 976/976/976 946/946/946
f 946/946/946 976/976/976 947/947/947
f 976/976/976 977/977/977 947/947/947
f 947/947/947 977/977/977 948/948/948
f 977/977/977 978/978/978 948/948/948
f 948/948/948 978/978/978 949/949/949
f 978/978/978 979/979/979 949/949/949
f 949/949/949 979/979/979 950/950/950
f 979/979/979 980/980/980 950/950/950
f 950/950/950 980/980/980 951/951/951
f 980/980/980 981/981/981 951/951/951
f 951/951/951 981/981/981 952/952/952
f 981/981/981 982/982/982 952/952/952
f 952/952/952 982/982/982 953/953/953
f 982/982/982 983/983/983 953/953/953
f 953/953/953 983/983/983 954/954/954
f 983/983/983 984/984/984 954/954/954
f 954/954/954 984/984/984 955/955/955
f 984/984/984 985/985/985 955/955/955
f 955/955/955 985/985/985 956/956/956
f 985/985/985 986/986/986 956/956/956
f 956/956/956 986/986/986 957/957/957
f 986/986/986 987/987/987 957/957/957
f 957/957/957 987/987/987 958/958/958
f 987/987/987 988/988/988 958/958/958
f 958/958/958 988/988/988 959/959/959
f 988/988/988 989/989/989 959/959/959
f 959/959/959 989/989/989 990/990/990
f 959/959/959 990/990/990 960/960/960
f 960/960/960 990/990/990 991/991/991
f 960/960/960 991/991/991 961/961/961
f 961/961/961 991/991/991 992/992/992
f 961/961/961 992/992/992 962/962/962
f 962/962/962 992/992/992 963/963/963
f 992/992/992 993/993/993 963/963/963
f 963/963/963 993/993/993 994/994/994
f 963/963/963 994/994/994 964/964/964
f 964/964/964 994/994/994 1/1/1
f 964/964/964 1/1/1 63/63/63
f 965/965/965 995/995/995 966/966/966
f 995/995/995 996/996/996 966/966/966
f 966/966/966 996/996/996 967/967/967
f 996/996/996 997/997/997 967/967/967
f 967/967/967 997/997/997 968/968/968
f 997/997/997 998/998/998 968/968/968
f 968/968/968 998/998/998 969/969/969
f 998/998/998 999/999/999 969/969/969
f 969/969/969 999/999/999 970/970/970
f 999/999/999 1000/1000/1000 970/970/970
f 970/970/970 1000/1000/1000 971/971/971
f 1000/1000/1000 1001/1001/1001 971/971/971
f 971/971/971 1001/1001/1001 972/972/972
f 1001/1001/1001 1002/1002/1002 972/972/972
f 972/972/972 1002/1002/1002 973/973/973
f 1002/1002/1002 1003/1003/1003 973/973/973
f 973/973/973 1003/1003/1003 974/974/974
f 1003/1003/1003 1004/1004/1004 974/974/974
f 974/974/974 1004/1004/1004 975/975/975
f 1004/1004/1004 1005/1005/1005 975/975/975
f 975/975/975 1005/1005/1005 976/976/976
f 1005/1005/1005 1006/1006/1006 976/976/976
f 976/976/976 1006/1006/1006 1007/1007/1007
f 976/976/976 1007/1007/1007 977/977/977
f 977/977/977 1007/1007/1007 1008/1008/1008
f 977/977/977 1008/1008/1008 978/978/978
f 978/978/978 1008/1008/1008 979/979/979
f 1008/1008/1008 1009/1009/1009 979/979/979
f 979/979/979 1009/1009/1009 980/980/980
f 1009/1009/1009 1010/1010/1010 980/980/980
f 980/980/980 1010/1010/1010 981/981/981
f 1010/1010/1010 1011/1011/1011 981/981/981
f 981/981/981 1011/1011/1011 982/982/982
f 1011/1011/1011 1012/1012/1012 982/982/982
f 982/982/982 1012/1012/1012 1013/1013/1013
f 982/982/982 1013/1013/1013 983/983/983
f 983/983/983 1013/1013/1013 984/984/984
f 1013/1013/1013 1014/1014/1014 984/984/984
f 984/984/984 1014/1014/1014 985/985/985
f 1014/1014/1014 1015/1015/1015 985/985/985
f 985/985/985 1015/1015/1015 1016/1016/1016
f 985/985/985 1016/1016/1016 986/986/986
f 986/986/986 1016/1016/1016 1017/1017/1017
f 986/986/986 1017/1017/1017 987/987/987
f 987/987/987 1017/1017/1017 1018/1018/1018
f 987/987/987 1018/1018/1018 988/988/988
f 988/988/988 1018/1018/1018 989/989/989
f 1018/1018/1018 1019/1019/1019 989/989/989
f 989/989/989 1019/1019/1019 990/990/990
f 1019/1019/1019 1020/1020/1020 990/990/990
f 990/990/990 1020/1020/1020 1021/1021/1021
f 990/990/990 1021/1021/1021 991/991/991
f 991/991/991 1021/1021/1021 992/992/992
f 1021/1021/1021 1022/1022/1022 992/992/992
f 992/992/992 1022/1022/1022 993/993/993
f 1022/1022/1022 1023/1023/1023 993/993/993
f 993/993/993 1023/1023/1023 994/994/994
f 1023/1023/1023 1024/1024/1024 994/994/994
f 994/994/994 1024/1024/1024 2/2/2
f 994/994/994 2/2/2 1/1/1
s off
